Country,Bir_1985,Bir_1990,Bir_1995,Bir_2000,Bir_2005,Bir_2010,Bir_2015,Bir_2020,Bir_2025,Bir_2030,Bir_2035,Bir_2040,Bir_2045,Bir_2050
Aruba,21.726,19.571,16.691,14.173,12.348,11.214,11.281,7.960125989,6.00977728,4.151835398,2.293893516,0.435951634,-1.421990248,-3.279932129
Africa Eastern and Southern,45.23753576,43.51798217,41.82049968,40.62416875,39.37448656,37.67700563,35.29975291,35.49076947,33.2910604,31.82679047,30.36252053,28.8982506,27.43398066,25.96971072
Afghanistan,49.735,48.88,48.835,48.021,44.723,39.829,34.809,38.18361073,34.40209108,32.24101102,30.07993097,27.91885091,25.75777085,23.59669079
Africa Western and Central,46.2396417,44.84173637,43.78176915,43.04577215,42.06709617,40.60150784,38.53572218,39.02292505,37.30809914,36.20611644,35.10413373,34.00215102,32.90016831,31.79818561
Angola,50.663,50.383,49.113,48.15,47.453,45.656,42.52,44.62077401,42.35492272,41.25160627,40.14828982,39.04497337,37.94165691,36.83834046
Albania,26.367,24.867,21.02,16.436,12.821,12.001,12.197,7.823379661,4.700796973,2.036185755,-0.628425464,-3.293036683,-5.957647902,-8.62225912
Andorra,,11.9,11,11.3,10.7,9.8,,,,9.59,9.14,8.69,8.24,7.79
Arab World,38.96897484,35.31807011,31.50174499,28.70911473,27.5377111,27.51343493,26.57699157,22.48168,20.59813723,18.54750877,16.49688031,14.44625186,12.3956234,10.34499494
United Arab Emirates,30.022,25.984,20.21,16.494,14.001,11.888,10.772,5.58659548,2.160762026,-1.107890732,-4.376543489,-7.645196247,-10.913849,-14.18250176
Argentina,22.889,22.226,20.881,19.499,18.735,18.154,17.548,17.30476384,15.82827478,14.97798129,14.1276878,13.27739431,12.42710082,11.57680733
Armenia,24.431,21.768,15.991,12.91,14.244,15.304,14.795,10.56629661,9.145184019,7.566077785,5.98697155,4.407865315,2.82875908,1.249652845
American Samoa,,,,,,18.7,,,,,,,,18.7
Antigua and Barbuda,18.525,18.659,19.555,19.84,18.137,16.547,15.883,13.35076102,14.30352337,13.57939631,12.85526925,12.13114219,11.40701513,10.68288808
Australia,15.7,15.4,14.2,13,12.8,13.7,12.9,10.9520339,11.04030266,10.4755912,9.910879742,9.346168281,8.78145682,8.216745359
Austria,11.6,11.8,11.2,9.8,9.5,9.4,9.8,7.623050847,7.757953995,7.239636804,6.721319613,6.203002421,5.68468523,5.166368039
Azerbaijan,26.6,25.9,18.9,14.5,16.9,18.3,17.2,10.42935254,10.22896199,8.370693745,6.512425504,4.654157264,2.795889023,0.937620783
Burundi,51.67,49.866,45.702,42.993,42.981,42.919,40.883,41.29907797,38.04596755,36.54748596,35.04900436,33.55052276,32.05204116,30.55355956
Belgium,11.6,12.4,11.4,11.4,11.4,11.9,10.8,9.811694915,10.32013317,10.0937268,9.86732042,9.640914044,9.414507667,9.188101291
Benin,46.991,46.029,44.356,42.371,40.726,39.278,37.432,38.44006441,35.5392822,34.11403757,32.68879294,31.26354831,29.83830367,28.41305904
Burkina Faso,48.457,47.417,46.939,46.253,44.817,42.314,39.437,41.61543955,39.13286263,37.90545878,36.67805494,35.45065109,34.22324724,32.9958434
Bangladesh,39.713,35.099,30.897,27.493,24.053,21.107,19.156,16.11730169,11.82790085,8.522009322,5.216117797,1.910226271,-1.395665254,-4.70155678
Bulgaria,13.3,12.1,8.6,9,9.3,10.2,9.2,7.225028249,7.083942696,6.465790288,5.84763788,5.229485472,4.611333064,3.993180656
Bahrain,32.514,29.217,24.77,21.722,18.778,16.547,15.096,11.3299548,8.04104883,5.106449825,2.171850821,-0.762748184,-3.697347189,-6.631946193
"Bahamas, The",25.819,23.892,22.131,17.609,15.33,15.045,14.224,12.30327232,9.375207587,7.393218375,5.411229163,3.429239952,1.44725074,-0.534738472
Bosnia and Herzegovina,16.996,14.844,13.185,10.983,9.255,9.256,8.655,4.541049718,3.911989144,2.344790907,0.777592669,-0.789605569,-2.356803807,-3.924002045
Belarus,16.5,14,9.9,9.4,9.3,11.4,12.5,8.337215819,8.190036481,7.472899704,6.755762927,6.03862615,5.321489373,4.604352596
Belize,38.587,35.862,32.791,29.868,26.386,23.402,21.733,20.61248701,16.43470779,13.71904599,11.00338419,8.287722397,5.5720606,2.856398803
Bermuda,,14.6,13.3,13.5,13.1,11.8,9.4,8.705300221,,8.174457269,7.203596578,6.232735888,5.261875197,4.291014507
Bolivia,37.208,35.336,32.84,30.314,27.604,25.008,22.821,21.7367339,18.55061695,16.20442811,13.85823927,11.51205042,9.165861582,6.81967274
Brazil,28.843,24.844,22.424,20.119,17.243,15.327,14.472,10.61204859,8.326024294,5.901695009,3.477365725,1.053036441,-1.371292844,-3.795622128
Barbados,17.079,15.988,14.896,13.934,13.069,11.748,10.806,8.310903955,8.000523406,6.838670164,5.676816922,4.51496368,3.353110439,2.191257197
Brunei Darussalam,30.253,29.401,26.238,22.679,19.211,17.329,16.365,13.13928192,10.29989096,7.738331121,5.176771281,2.615211441,0.053651601,-2.507908239
Bhutan,41.878,38.163,32.694,27.066,22.527,19.397,17.783,14.89780395,8.844044835,4.853671355,0.863297875,-3.127075605,-7.117449085,-11.10782257
Botswana,40.221,34.932,31.231,29.302,28.654,27.934,26.44,22.83949661,20.83689116,18.75749207,16.67809298,14.59869389,12.51929479,10.4398957
Central African Republic,42.64,42.004,41.376,41.347,40.692,38.905,36.454,37.89639322,36.46662518,35.64491985,34.82321453,34.0015092,33.17980387,32.35809855
Canada,14.9,15,12.6,10.7,10.6,11.1,10.7,8.007514124,7.718042776,6.832954668,5.947866559,5.06277845,4.177690342,3.292602233
Central Europe and the Baltics,15.7790584,13.54862721,10.51743481,9.770927434,9.760673841,10.54420078,9.888469993,8.119457426,7.142108991,6.28677627,5.431443548,4.576110827,3.720778106,2.865445384
Switzerland,11.5,12.5,11.7,10.9,9.8,10.3,10.5,8.255423729,8.645569007,8.193044794,7.740520581,7.287996368,6.835472155,6.382947942
Channel Islands,11.803,12.562,13.096,11.991,10.829,10.73,10.17,9.497747458,9.387159443,8.954340779,8.521522115,8.08870345,7.655884786,7.223066122
Chile,22.707,22.286,19.818,16.556,15.021,14.613,13.369,10.23710113,8.842443422,7.068344707,5.294245991,3.520147276,1.746048561,-0.028050155
China,21.04,21.06,17.12,14.03,12.4,11.9,12.07,7.575254237,6.265841404,4.402826877,2.539812349,0.676797821,-1.186216707,-3.049231235
Cote d'Ivoire,45.422,43.224,42.029,41.069,39.159,37.395,36.438,34.25319831,33.02059915,31.49769901,29.97479887,28.45189873,26.92899859,25.40609845
Cameroon,46.31,44.824,42.691,41.419,40.826,39.42,36.964,38.4193774,35.73736727,34.48807729,33.23878732,31.98949734,30.74020736,29.49091738
"Congo, Dem. Rep.",46.163,46.082,46.073,45.965,45.702,44.855,42.808,43.74227458,43.17920872,42.73596969,42.29273067,41.84949165,41.40625262,40.9630136
"Congo, Rep.",39.38,37.997,38.069,38.554,38.364,37.109,34.511,34.37082938,34.3177004,33.6562219,32.9947434,32.33326489,31.67178639,31.01030788
Colombia,28.813,27.136,25.094,22.256,19.295,16.779,15.515,11.87768814,9.887236925,7.45202046,5.016803995,2.58158753,0.146371065,-2.2888454
Comoros,45.372,42.558,39.435,37.497,36.317,35.209,33.328,32.5844226,29.77749701,27.99748461,26.21747221,24.43745981,22.6574474,20.877435
Cabo Verde,42.616,40.828,34.126,27.608,24.314,22.37,20.754,19.31147119,12.80894988,9.21295343,5.616956981,2.020960533,-1.575035916,-5.171032365
Costa Rica,29.692,27.394,23.352,19.335,16.72,15.719,14.762,10.81907175,7.896393019,5.268006141,2.639619263,0.011232385,-2.617154493,-5.245541371
Caribbean small states,27.66091211,24.79855001,22.56794085,20.41682625,18.67421643,17.51206875,16.52698108,13.1216621,11.58617215,9.680900473,7.775628796,5.870357119,3.965085442,2.059813765
Cuba,17.275,16.487,14.302,13.069,11.527,11.16,10.822,5.568067797,6.031176755,4.587825262,3.144473769,1.701122276,0.257770783,-1.18558071
Curacao,,,,,,13.6,11.9,,,,,,,10.2
Cayman Islands,17.6,18.6,14.9,15.4,15.7,14.8,11,,11.62857143,10.67857143,9.728571429,8.778571429,7.828571429,6.878571429
Cyprus,20.34,19.049,16.446,13.2,11.821,11.517,11.011,9.668766102,7.110811622,5.550637369,3.990463115,2.430288862,0.870114609,-0.690059645
Czech Republic,13.1,12.6,9.3,8.9,10,11.2,10.5,8.871581921,8.775076675,8.378660882,7.98224509,7.585829298,7.189413506,6.792997713
Germany,10.5,11.4,9.4,9.3,8.3,8.3,9,6.811977401,6.870274415,6.368891579,5.867508744,5.366125908,4.864743072,4.363360237
Djibouti,40.395,39.777,36.164,31.48,28.234,25.255,22.921,22.56468814,17.72034407,14.80290141,11.88545876,8.968016102,6.050573446,3.133130791
Dominica,,23,,,,13.2,,,,3.4,,,,-6.4
Denmark,10.5,12.3,13.3,12.6,11.9,11.4,10.2,9.752937853,10.30861178,10.04516613,9.781720474,9.518274818,9.254829163,8.991383508
Dominican Republic,31.612,29.568,27.239,24.771,22.836,21.398,20.32,15.26910565,14.47851711,12.3344902,10.19046329,8.04643638,5.90240947,3.75838256
Algeria,38.175,32.13,24.884,19.554,20.774,24.504,25.481,16.29270056,15.24177885,13.02343247,10.80508609,8.586739709,6.368393328,4.150046946
East Asia & Pacific (excluding high income),23.60792305,22.80410107,19.19360224,16.43590165,15.04980167,14.42273231,14.15730056,9.815400785,8.606539979,6.755583215,4.904626451,3.053669687,1.202712923,-0.648243841
Early-demographic dividend,35.41103925,32.26212802,29.13962612,26.70189908,24.76167581,22.84419964,21.09695249,18.7858045,16.03457506,13.7366105,11.43864593,9.140681362,6.842716795,4.544752229
East Asia & Pacific,22.39293903,21.56853578,18.3645796,15.83643002,14.39645076,13.86651706,13.59563552,9.444403602,8.391842698,6.660432981,4.929023265,3.197613549,1.466203832,-0.265205884
Europe & Central Asia (excluding high income),20.64700309,17.96953509,14.46337005,13.31218522,13.82996493,15.55523449,15.17654954,12.16372457,11.66356171,10.8355319,10.00750208,9.179472268,8.351442454,7.52341264
Europe & Central Asia,16.23536138,14.88365662,12.51043883,11.86452659,11.98573518,12.92478165,12.36699437,10.10437135,9.959340154,9.314863911,8.670387669,8.025911426,7.381435183,6.73695894
Ecuador,32.217,29.912,27.82,25.503,23.019,21.471,20.432,16.89450791,15.21989681,13.12241533,11.02493384,8.927452361,6.829970877,4.732489393
"Egypt, Arab Rep.",37.749,33.249,28.526,25.958,24.849,27.266,28.182,22.14794463,21.02132946,19.36143199,17.70153452,16.04163705,14.38173957,12.7218421
Euro area,11.99570855,11.71514052,10.43719392,10.62807486,10.3030433,10.35785545,9.663873136,7.703170198,8.161195758,7.67468204,7.188168321,6.701654603,6.215140884,5.728627166
Eritrea,45.011,41.58,34.524,32.518,36.552,36.25,32.191,30.37422994,28.61482926,26.94589604,25.27696282,23.6080296,21.93909638,20.27016316
Spain,11.9,10.3,9.1,9.8,10.6,10.4,9,5.954632768,7.305887813,6.789011972,6.272136131,5.755260291,5.23838445,4.721508609
Estonia,15.5,14.2,9.4,9.4,10.6,11.9,10.6,9.306779661,8.542675545,7.915859564,7.289043584,6.662227603,6.035411622,5.408595642
Ethiopia,48.937,47.479,46.245,43.728,39.307,35.861,33.635,35.62153164,30.7444801,28.38732203,26.03016395,23.67300587,21.31584779,18.95868972
European Union,12.82470384,12.16424253,10.51561552,10.46162119,10.22986066,10.44658406,9.741875138,7.881637917,8.007259393,7.445924234,6.884589075,6.323253916,5.761918758,5.200583599
Fragile and conflict affected situations,43.1804033,41.62697908,40.39742382,39.36678137,38.1026505,36.51745615,34.57846217,34.33150726,32.61508881,31.30450678,29.99392475,28.68334272,27.37276068,26.06217865
Finland,12.8,13.1,12.3,11,11,11.4,10.1,8.969774011,8.94917272,8.419272935,7.88937315,7.359473366,6.829573581,6.299673796
Fiji,31.492,28.888,26.898,24.738,23.094,22.292,21.983,18.63646215,17.25398107,15.58760292,13.92122476,12.25484661,10.58846846,8.922090301
France,14.2,13.4,12.8,13.3,12.8,12.9,12,10.84175141,11.13516142,10.76959309,10.40402475,10.03845642,9.672888082,9.307319747
Faroe Islands,16.3,19.9,14.8,15.1,14.7,13.2,12.4,,11.6,10.7,9.8,8.9,8,7.1
"Micronesia, Fed. Sts.",37.694,34.028,32.172,29.908,26.36,24.098,23.213,21.6054774,18.21706013,15.90200467,13.58694922,11.27189377,8.95683831,6.641782856
Gabon,38.308,37.481,35.613,33.377,32.678,33.206,32.927,32.99153785,30.93491178,30.12651613,29.31812047,28.50972482,27.70132916,26.89293351
United Kingdom,13.3,13.9,12.6,11.5,12,12.9,11.9,10.56254237,10.8455569,10.51505448,10.18455206,9.854049637,9.523547215,9.193044794
Georgia,18.728,17.261,14.366,12.063,12.3,13.861,14.078,10.91847966,10.34731126,9.491839326,8.636367393,7.78089546,6.925423527,6.069951594
Ghana,41.951,40.038,37.77,35.671,33.64,32.385,30.714,29.14658814,26.89104407,25.05250975,23.21397542,21.3754411,19.53690678,17.69837246
Gibraltar,,,,,,,,,,,,,,
Guinea,48.768,48.103,46.362,44.21,41.956,39.713,37.583,39.8282,35.95577857,34.32030714,32.68483571,31.04936429,29.41389286,27.77842143
"Gambia, The",46.844,46.981,45.009,42.682,41.52,40.881,39.719,39.49992316,37.46710444,36.26157423,35.05604401,33.8505138,32.64498359,31.43945338
Guinea-Bissau,49.432,46.71,44.047,41.828,40.518,39.089,36.819,39.22779944,34.86589972,33.234133,31.60236629,29.97059958,28.33883286,26.70706615
Equatorial Guinea,43.142,42.085,41.494,41.136,39.859,37.604,34.768,37.16625932,34.76237966,33.6747346,32.58708955,31.49944449,30.41179944,29.32415438
Greece,11.7,10,9.6,9.6,9.8,10.3,8.5,6.632542373,7.337699758,6.85350686,6.369313963,5.885121065,5.400928168,4.91673527
Grenada,32.747,28.31,21.882,18.444,17.438,17.501,17.074,13.5816904,9.917595198,7.483236064,5.04887693,2.614517797,0.180158663,-2.254200471
Greenland,21.7,22.6,19.7,15.6,15.6,15.3,15.2,,12.5,11.13571429,9.771428571,8.407142857,7.042857143,5.678571429
Guatemala,41.001,38.984,37.767,35.341,31.454,27.688,25.627,25.29474915,21.59891029,19.08875843,16.57860658,14.06845472,11.55830287,9.048151009
Guam,27.14,25.615,23.439,21.936,19.426,17.784,17.007,14.44394294,12.73882861,10.93659767,9.13436672,7.332135775,5.529904829,3.727673884
Guyana,29.745,28.24,27.867,25.704,22.664,21.176,20.629,17.91111864,16.52745218,14.81310492,13.09875767,11.38441041,9.670063156,7.9557159
High income,14.51563638,14.24319448,12.79989601,12.31879922,11.66498179,11.57020418,10.9305696,9.125048097,9.0046054,8.306508551,7.608411702,6.910314853,6.212218005,5.514121156
"Hong Kong SAR, China",14,12,11.2,8.1,8.4,12.6,8.2,3.583245763,5.077337167,4.036655266,2.995973366,1.955291465,0.914609564,-0.126072337
Honduras,41.114,38.484,36.835,33.829,29.181,25.02,22.433,21.62710678,17.3105891,14.25396705,11.197345,8.140722942,5.084100888,2.027478834
Heavily indebted poor countries (HIPC),46.56158914,45.35368931,44.24792257,42.95072623,41.19128862,39.04826427,36.66216629,37.469498,35.0181074,33.53643281,32.05475822,30.57308363,29.09140904,27.60973445
Croatia,13.3,11.6,10.9,9.8,9.563,9.8,8.9,7.666529944,7.165943543,6.493666277,5.82138901,5.149111743,4.476834477,3.80455721
Haiti,41.426,37.257,34.211,31.777,29.638,27.651,25.581,25.20620791,21.21460395,18.90820461,16.60180527,14.29540593,11.98900659,9.68260725
Hungary,12.2,12.1,10.8,9.6,9.7,9,9.4,8.282768362,7.659241324,7.10899583,6.558750336,6.008504843,5.458259349,4.908013855
IBRD only,27.27629061,25.33117999,22.04608509,19.77035101,18.42708667,17.49019145,16.55271369,13.43583746,11.69551438,9.8409138,7.986313219,6.131712638,4.277112057,2.422511476
IDA & IBRD total,30.3452987,28.49200707,25.60729998,23.56654665,22.31644406,21.39755293,20.44105732,17.81270899,16.14760265,14.45876669,12.76993073,11.08109477,9.392258817,7.703422858
IDA total,43.72744402,41.6357349,39.59947355,37.60679174,35.79514906,34.06734687,32.30015711,31.67764736,29.04579906,27.26681706,25.48783505,23.70885305,21.92987105,20.15088904
IDA blend,43.40426862,41.60109221,39.51251066,37.31595085,35.81343097,34.57563587,33.03054704,32.55137137,29.9861643,28.3774006,26.7686369,25.1598732,23.5511095,21.9423458
Indonesia,29.592,25.813,22.877,21.773,21.765,20.795,19.165,14.22406328,14.12178164,12.37095358,10.62012552,8.869297458,7.118469397,5.367641337
IDA only,43.88764628,41.65312437,39.64299224,37.7526724,35.78602226,33.81240044,31.93087945,31.25637061,28.58194673,26.71898744,24.85602816,22.99306888,21.13010959,19.26715031
Isle of Man,11.2,,,,11.4,,,10.81707066,10.92649736,,,,10.73031934,
India,34.418,31.517,28.749,26.401,24.087,21.114,18.625,17.45838305,14.13208438,11.65117583,9.170267272,6.689358717,4.208450161,1.727541606
Not classified,,,,,,,,,,,,,,
Ireland,17.6,15.1,13.5,14.4,14.8,16.5,13.9,12.36338983,12.98883777,12.59292978,12.19702179,11.8011138,11.40520581,11.00929782
"Iran, Islamic Rep.",42.235,32.183,21.9,17.654,17.401,18.154,19.066,12.05989435,7.136875747,3.704712181,0.272548614,-3.159614952,-6.591778518,-10.02394208
Iraq,38.588,37.755,36.953,35.821,34.092,33.349,31.109,29.98907966,29.03039697,27.76892742,26.50745787,25.24598832,23.98451877,22.72304921
Iceland,16,18.7,16,15.3,14.4,15.4,12.5,11.28638418,11.37533495,10.58134315,9.787351359,8.993359564,8.19936777,7.405375975
Israel,23.5,22.2,21.1,21.7,20.8,21.8,21.3,19.8579661,19.98969734,19.6469088,19.30412026,18.96133172,18.61854318,18.27575464
Italy,10.2,10,9.2,9.5,9.6,9.5,8,5.957853107,6.921783697,6.461128598,6.0004735,5.539818402,5.079163304,4.618508206
Jamaica,27.585,25.33,23.672,21.372,19.144,17.742,16.633,13.10794746,11.7424023,9.77999316,7.817584019,5.855174879,3.892765738,1.930356598
Jordan,37.835,35.287,33.554,31.709,30.617,28.564,24.274,21.14197966,20.30248983,18.0646548,15.82681977,13.58898475,11.35114972,9.113314689
Japan,11.9,10,9.54,9.4,8.41,8.5,8,5.633717514,5.8172159,5.127049502,4.436883105,3.746716707,3.056550309,2.366383912
Kazakhstan,25.1,22.18,17.46,14.92,18.42,22.53,22.71,17.22802994,18.26080069,17.8590889,17.45737711,17.05566531,16.65395352,16.25224173
Kenya,47.171,42.56,40.196,40.037,38.366,35.128,30.688,30.92585254,27.95803341,25.6967116,23.43538979,21.17406798,18.91274617,16.65142435
Kyrgyz Republic,32,29.1,25.6,19.8,21.3,26.8,27.4,21.47570056,21.30570743,20.38820628,19.47070514,18.553204,17.63570285,16.71820171
Cambodia,49.766,42.358,34.079,28.058,26.147,25.502,23.674,22.33154181,14.71605662,10.98863748,7.261218348,3.533799213,-0.193619922,-3.921039057
Kiribati,37.321,36.719,33.696,30.579,29.521,29.605,28.98,26.99916836,25.01972704,23.54021726,22.06070748,20.5811977,19.10168792,17.62217814
St. Kitts and Nevis,23.1,,19.4,,,,,,15.7,,12,,,
"Korea, Rep.",16.1,15.2,15.7,13.5,9,9.4,8.6,2.208250282,2.98269657,1.153622189,-0.675452193,-2.504526574,-4.333600955,-6.162675336
Kuwait,32.161,23.225,21.885,22.817,20.962,19.61,16.086,10.93734972,10.62431772,8.327406383,6.03049505,3.733583717,1.436672384,-0.860238949
Latin America & Caribbean (excluding high income),29.99748303,27.190378,24.81101708,22.4808276,20.10619363,18.34228203,17.189563,13.90322256,11.87165279,9.675882107,7.480111424,5.284340741,3.088570057,0.892799374
Lao PDR,43.227,42.902,38.417,31.985,28.811,26.875,24.71,25.19248023,19.10413297,16.06839918,13.03266539,9.996931598,6.961197807,3.925464017
Lebanon,27.579,27.338,25.795,21.119,16.579,16.281,17.737,14.12797062,11.43141388,9.345173339,7.258932795,5.172692252,3.086451708,1.000211165
Liberia,47.659,45.364,43.982,42.914,40.213,37.053,34.297,35.48808136,32.08450496,30.1318927,28.17928043,26.22666816,24.27405589,22.32144362
Libya,34.633,29.381,24.322,21.626,21.363,21.928,20.465,12.70303277,12.29183781,9.844995305,7.398152798,4.951310291,2.504467783,0.057625276
St. Lucia,31.818,28.288,24.034,18.647,14.493,13.08,12.389,7.380094915,3.360261743,-0.063266061,-3.486793866,-6.910321671,-10.33384948,-13.75737728
Latin America & Caribbean,29.61005652,26.94723021,24.56707585,22.24734168,19.95809805,18.26867239,17.08870608,13.8780586,11.89559813,9.745585512,7.595572892,5.445560272,3.295547652,1.145535032
Least developed countries: UN classification,44.36862601,42.27909395,40.37965527,38.53872983,36.5636245,34.51548731,32.53349723,32.13604042,29.41843225,27.58600734,25.75358244,23.92115753,22.08873263,20.25630772
Low income,45.8423262,44.93232358,43.93611614,42.47847415,40.57691056,38.36771356,36.13816083,36.90666478,34.44409256,32.95448286,31.46487316,29.97526346,28.48565375,26.99604405
Liechtenstein,13.9,13.2,13.8,12.9,11,9.1,8.7,7.878361582,6.989180791,6.029044256,5.068907721,4.108771186,3.148634652,2.188498117
Sri Lanka,23.856,20.624,18.971,18.463,18.576,17.838,16.609,12.85040395,13.09484483,11.89960469,10.70436454,9.509124395,8.313884248,7.118644101
Lower middle income,35.65150791,32.67642069,29.67268612,27.44530271,25.90054473,24.282339,22.67519369,20.5383201,18.05988317,15.99423735,13.92859153,11.86294571,9.797299884,7.731654063
Low & middle income,30.43582895,28.60613652,25.72351416,23.67182298,22.40293631,21.46118557,20.51133841,17.8375903,16.18571199,14.48669374,12.78767548,11.08865722,9.389638968,7.690620712
Lesotho,39.228,35.013,31.682,30.952,30.469,29.042,27.799,25.3298226,23.59505416,21.90743223,20.2198103,18.53218838,16.84456645,15.15694453
Late-demographic dividend,22.16609966,21.10565683,17.46225837,14.82992871,13.46593462,13.19459481,13.03301848,9.001843376,7.674561294,5.928371169,4.182181044,2.435990919,0.689800794,-1.056389332
Lithuania,16.5,15.4,11.4,9.8,8.9,9.9,10.8,7.733615819,6.495379338,5.426752085,4.358124832,3.289497579,2.220870326,1.152243072
Luxembourg,11.2,12.9,13.3,13.1,11.5,11.6,10.7,10.56344633,10.67100888,10.40724845,10.14348803,9.879727603,9.615967178,9.352206753
Latvia,15.4,14.2,8.7,8.6,9.8,9.4,11.1,8.668700565,7.555778854,6.849599139,6.143419424,5.437239709,4.731059995,4.02488028
"Macao SAR, China",22.901,18.972,12.789,8.93,7.812,10.1,11.36,8.528218079,4.753251897,2.993079594,1.232907291,-0.527265012,-2.287437315,-4.047609618
St. Martin (French part),25,24.9,19.5,17.4,17.4,16.8,15.5,,12.81428571,11.14285714,9.471428571,7.8,6.128571429,4.457142857
Morocco,34.097,29.241,25.155,22.236,21.218,21.21,20.31,13.97365028,12.80303943,10.44147457,8.079909712,5.718344855,3.356779997,0.99521514
Monaco,,,,,,,8.1,,,,,,,
Moldova,21.876,18.574,14.153,11.298,10.345,11.062,10.609,8.18229209,5.445967474,3.70897991,1.971992346,0.235004782,-1.501982782,-3.238970346
Madagascar,44.689,44.339,43.725,41.275,37.923,35.204,33.392,33.82640282,30.74195141,28.84090165,26.93985188,25.03880212,23.13775235,21.23670259
Maldives,47.751,41.126,30.239,21.385,19.471,19.585,16.421,11.48489718,3.900877159,-0.995119505,-5.891116169,-10.78711283,-15.6831095,-20.57910616
Middle East & North Africa,38.78180502,33.41434118,27.84922096,24.64485996,23.76555403,24.26481196,23.85331369,18.63410599,16.16145355,13.77488731,11.38832108,9.001754846,6.615188613,4.228622379
Mexico,31.434,28.802,26.096,23.85,21.741,20.042,18.573,14.29871808,12.8530019,10.57487126,8.296740624,6.018609988,3.740479352,1.462348715
Marshall Islands,,,,,35,,,,,,,,35,
Middle income,29.34403076,27.40612414,24.29723901,22.09883826,20.75524641,19.79885502,18.86557704,15.96777486,14.21803548,12.41832987,10.61862427,8.818918669,7.019213067,5.219507464
North Macedonia,19.813,17.724,15.2,12.995,11.594,11.114,11.166,7.616126554,6.340598991,4.771228585,3.201858179,1.632487772,0.063117366,-1.50625304
Mali,48.966,48.769,48.826,48.784,48.444,46.379,43.226,44.92466271,43.87811707,43.11995801,42.36179895,41.60363989,40.84548083,40.08732177
Malta,16.1,15.2,12.2,11.3,9.6,9.4,9.7,7.505875706,6.138652139,4.974856067,3.811059995,2.647263923,1.48346785,0.319671778
Myanmar,31.749,27.486,25.277,24.588,22.746,19.782,18.041,15.00928192,13.29567667,11.12031922,8.944961757,6.769604298,4.594246839,2.41888938
Middle East & North Africa (excluding high income),39.1008443,33.65030285,27.93890676,24.72912722,24.03737363,25.00116675,24.89880244,19.25089128,17.02884761,14.74060777,12.45236792,10.16412808,7.875888238,5.587648395
Montenegro,17.976,16.487,14.86,13.688,13.333,12.513,11.837,9.276836723,8.842418362,7.752654755,6.662891149,5.573127542,4.483363936,3.39360033
Mongolia,37.793,32.224,23.841,19.307,20.237,24.665,25.849,17.02158249,15.80257696,13.73266121,11.66274547,9.592829722,7.522913976,5.452998231
Northern Mariana Islands,,,,,,,,,,,,,,
Mozambique,45.399,44.842,45.074,44.769,43.243,40.715,38.607,39.92526723,38.31674076,37.31562017,36.31449958,35.313379,34.31225841,33.31113782
Mauritania,41.907,40.212,38.865,38.14,37.325,36.502,34.991,33.21653729,32.56398293,31.43490866,30.30583438,29.17676011,28.04768584,26.91861156
Mauritius,19,21.3,18.3,17,15.3,12,10.1,7.151484746,6.472170944,4.572889911,2.673608878,0.774327845,-1.124953188,-3.024234221
Malawi,50.696,47.939,44.78,43.727,43.046,40.292,35.839,37.03558136,33.79782639,31.77082722,29.74382805,27.71682887,25.6898297,23.66283053
Malaysia,30.088,28.096,26.179,21.98,18.164,17.258,17.024,13.78287514,10.85318757,8.471343832,6.089500094,3.707656356,1.325812618,-1.056031121
North America,15.71182376,16.52983405,14.40150764,14.03697913,13.66541092,12.811625,12.22920215,11.11244343,10.66020837,9.959731729,9.259255087,8.558778445,7.858301803,7.157825161
Namibia,40.046,37.795,34.773,30.866,29.321,30.448,29.904,27.39858136,24.93464782,23.23813674,21.54162567,19.84511459,18.14860351,16.45209243
New Caledonia,23.4,25.6,21.9,21.4,17.4,16.7,15.4,12.85861582,11.59716505,9.87824018,8.159315308,6.440390436,4.721465564,3.002540691
Niger,56.366,55.485,54.734,53.541,51.82,49.802,47.502,48.41531186,46.20351308,44.86914621,43.53477934,42.20041247,40.8660456,39.53167873
Nigeria,45.671,44.265,43.449,43.156,42.537,41.341,39.359,39.84503051,38.58208668,37.72191065,36.86173462,36.0015586,35.14138257,34.28120654
Nicaragua,40.875,35.865,31.063,27.054,24.961,23.558,21.859,18.02057119,14.26664274,11.23546414,8.204285553,5.173106961,2.14192837,-0.889250222
Netherlands,12.3,13.2,12.3,13,11.5,11.1,10.1,8.665875706,9.054366425,8.506284638,7.958202852,7.410121065,6.862039279,6.313957493
Norway,12.3,14.4,13.8,13.2,12.3,12.6,11.3,10.64124294,10.8741929,10.4978679,10.12154291,9.745217918,9.368892924,8.992567931
Nepal,40.419,38.458,35.985,31.547,26.061,22.692,20.844,20.8399435,15.11529318,11.89519323,8.675093288,5.454993341,2.234893395,-0.985206551
Nauru,,,,,,,,,,,,,,
New Zealand,15.9,17.5,15.77,14.66,13.96,14.68,13.23,10.95627684,11.37170985,10.65830434,9.944898843,9.231493341,8.51808784,7.804682338
OECD members,16.34323256,15.85160952,14.37238046,13.77822411,12.98947586,12.66930956,11.94458164,10.10797191,9.806387941,8.984007883,8.161627825,7.339247767,6.516867709,5.694487651
Oman,46.163,38.282,29.743,24.139,21.838,21.676,20.697,15.81606667,9.784140476,5.893003175,2.001865873,-1.889271429,-5.78040873,-9.671546032
Other small states,34.21233359,32.65533175,30.0021843,28.07016005,26.82328217,25.32770411,23.99967668,23.37778343,20.85906889,19.25918264,17.65929639,16.05941014,14.45952389,12.85963765
Pakistan,42.204,41.222,38.375,34.703,31.755,30.082,29.124,28.63758588,24.69415008,22.51222271,20.33029535,18.14836798,15.96644061,13.78451324
Panama,28.333,26.255,24.781,23.452,22.04,21.102,19.863,16.12960452,15.78912369,14.24349549,12.6978673,11.1522391,9.606610909,8.060982715
Peru,33.626,30.677,26.667,23.328,22.204,20.621,18.544,14.66753559,12.40058923,9.869205287,7.337821348,4.806437409,2.275053471,-0.256330468
Philippines,34.936,33.02,31.016,29.606,27.372,25.024,22.273,21.23907571,18.96307357,16.94136559,14.91965761,12.89794964,10.87624166,8.854533683
Palau,,21.6,23.2,14.5,14,11.9,13.7,,,9.093333333,6.981904762,4.87047619,2.759047619,0.647619048
Papua New Guinea,36.873,34.813,34.577,33.993,32.142,29.985,27.993,27.46935763,26.04035738,24.66473243,23.28910747,21.91348251,20.53785755,19.16223259
Poland,18.3,14.4,11.2,9.9,9.5,10.9,9.7,8.097627119,6.345242131,5.199806295,4.05437046,2.908934625,1.763498789,0.618062954
Pre-demographic dividend,46.37996882,45.20939247,44.26910432,43.52502299,42.40476133,40.59189922,38.04821,38.81842552,37.00110206,35.80004739,34.59899272,33.39793805,32.19688338,30.99582871
Puerto Rico,19.4,18.5,17,15.59,12.96,11.3,9,6.769327684,5.476806699,3.62389353,1.770980361,-0.081932809,-1.934845978,-3.787759147
"Korea, Dem. People's Rep.",21.138,20.657,20.034,17.973,15.527,14.021,13.91,9.510010734,9.33111251,7.716637214,6.102161918,4.487686622,2.873211326,1.25873603
Portugal,13,11.7,10.7,11.7,10.4,9.6,8.3,5.438926554,6.11232042,5.225088109,4.337855798,3.450623487,2.563391176,1.676158865
Paraguay,36.093,33.489,30.524,26.968,24.038,22.492,21.198,19.76078305,15.95571295,13.54134964,11.12698632,8.712623002,6.298259685,3.883896368
West Bank and Gaza,,45.22,43.42,40.9,37.3,33.564,31.246,,,28.30453333,25.36059048,22.41664762,19.47270476,16.5287619
Pacific island small states,34.92649723,32.81288794,30.98774334,29.1200818,28.19160472,27.37414435,26.8823385,24.13693016,23.038904,21.64665411,20.25440422,18.86215433,17.46990444,16.07765455
Post-demographic dividend,13.61208098,13.4293147,11.99606426,11.60668973,11.13952182,11.14649984,10.54968646,8.607855017,8.701486381,8.077157998,7.452829616,6.828501234,6.204172852,5.579844469
French Polynesia,30.456,28.411,23.626,20.172,18.301,16.801,15.473,12.57238418,9.357549233,6.831105058,4.304660882,1.778216707,-0.748227468,-3.274671644
Qatar,29.188,22.509,20.391,19.267,15.297,11.25,10.033,6.480069492,3.262856174,0.254183394,-2.754489387,-5.763162167,-8.771834948,-11.78050773
Romania,15.8,13.6,10.4,10.4,10.4,10.5,10.2,7.913898305,7.299806295,6.44382163,5.587836965,4.7318523,3.875867635,3.01988297
Russian Federation,16.6,13.4,9.3,9.8,11,14,12.8,9.90800226,10.2504297,9.839191794,9.427953888,9.016715981,8.605478074,8.194240167
Rwanda,51.815,47.283,43.089,39.657,37.02,34.576,32.604,32.57781299,27.17247793,24.36020044,21.54792295,18.73564546,15.92336797,13.11109048
South Asia,35.71872588,32.90912352,30.16219108,27.65449024,25.20264178,22.41298485,20.19681543,18.93226061,15.57189001,13.11038686,10.64888371,8.18738056,5.725877411,3.264374263
Saudi Arabia,40.981,35.799,30.529,26.375,24.236,22.123,19.41,16.51954011,11.96805577,8.628386494,5.288717218,1.949047942,-1.390621334,-4.730290611
Sudan,43.077,41.809,40.993,39.54,37.713,35.475,33.318,33.23498701,31.19517207,29.65076623,28.10636038,26.56195454,25.0175487,23.47314285
Senegal,45.895,42.678,40.776,39.246,38.583,38.306,36.318,34.40614802,33.08164544,31.64956254,30.21747963,28.78539673,27.35331383,25.92123093
Singapore,16.6,18.2,15.6,13.7,10.2,9.3,9.7,5.525480226,4.723454399,3.027958703,1.332463008,-0.363032688,-2.058528383,-3.754024079
Solomon Islands,41.616,39.989,37.458,35.569,34.382,33.965,33.556,32.24010678,30.2328391,28.92971705,27.626595,26.32347294,25.02035089,23.71722883
Sierra Leone,47.302,46.558,45.52,44.073,42.126,38.675,35.055,37.46468927,34.12216606,32.35004493,30.5779238,28.80580266,27.03368153,25.2615604
El Salvador,33.648,31.215,28.982,24.931,21.311,19.654,18.734,14.73831808,12.02433761,9.329376022,6.634414434,3.939452845,1.244491256,-1.450470332
San Marino,,,,,9.5,10.3,8.2,,,,,,8.033333333,7.383333333
Somalia,45.584,48.505,50.264,49.024,46.497,44.162,42.303,44.90330791,43.37272538,42.69882247,42.02491956,41.35101665,40.67711373,40.00321082
Serbia,,,11.3,9.8,9.7,9.4,9.3,,,,8.58,8.14,7.7,7.26
Sub-Saharan Africa (excluding high income),45.64580996,44.05300102,42.60928361,41.59955838,40.46084907,38.8590021,36.60704371,36.9166824,34.912302,33.59416827,32.27603454,30.95790081,29.63976708,28.32163335
South Sudan,47.74,47.406,45.703,43.081,40.389,38.219,36.116,36.39637571,33.25633071,31.33967154,29.42301238,27.50635321,25.58969404,23.67303487
Sub-Saharan Africa,45.64298376,44.0501423,42.6064944,41.59675378,40.45845142,38.85672342,36.60520368,36.91381191,34.9100789,33.5920252,32.27397149,30.95591778,29.63786408,28.31981037
Small states,32.59601872,30.79003155,28.3618284,26.45978093,25.20421098,23.9110562,22.7863779,21.30880236,19.26815609,17.67724336,16.08633063,14.4954179,12.90450517,11.31359244
Sao Tome and Principe,40.79,40.053,39.431,39.589,38.808,36.003,32.95,33.79995424,32.56136998,31.42434235,30.28731473,29.15028711,28.01325948,26.87623186
Suriname,29.421,27.954,25.764,23.735,22.044,20.485,19.292,15.58895876,14.58930081,12.7123688,10.83543679,8.958504782,7.081572774,5.204640765
Slovak Republic,17.5,15.1,11.5,10.2,10.1,11.2,10.3,8.216892655,6.944160613,5.872949287,4.801737961,3.730526634,2.659315308,1.588103982
Slovenia,13.4,11.2,9.5,9.1,9.1,10.9,10,7.416158192,7.736650525,7.216568469,6.696486414,6.176404358,5.656322303,5.136240248
Sweden,11.8,14.5,11.7,10.2,11.2,12.3,11.7,10.70751412,10.75375706,10.52938324,10.30500942,10.08063559,9.85626177,9.631887947
Eswatini,44.801,38.946,35.083,32.318,32.022,30.39,27.579,25.41920678,22.23678196,19.77389443,17.3110069,14.84811937,12.38523184,9.92234431
Sint Maarten (Dutch part),,,,,12.8,13.1,,,,,,,13.4,13.7
Seychelles,26.5,23.1,21,18.6,18.5,16.8,17,,13.98571429,12.42857143,10.87142857,9.314285714,7.757142857,6.2
Syrian Arab Republic,41.011,35.875,32.772,31.363,30.363,28.145,24.95,23.03979379,20.47711118,18.15205828,15.82700538,13.50195248,11.17689958,8.851846684
Turks and Caicos Islands,,,,,,,,,,,,,,
Chad,50.261,50.992,51.414,50.941,49.325,46.603,43.73,47.70486328,45.10786021,44.27152739,43.43519457,42.59886174,41.76252892,40.9261961
East Asia & Pacific (IDA & IBRD countries),23.63993764,22.83158273,19.18280926,16.41622914,15.04369486,14.42766554,14.16037738,9.819343599,8.597089814,6.743064213,4.889038612,3.035013011,1.18098741,-0.673038191
Europe & Central Asia (IDA & IBRD countries),20.34398764,17.57289726,14.13506915,12.97546563,13.40721074,15.09696915,14.65822668,11.79259251,11.18803411,10.34141895,9.494803788,8.648188625,7.801573463,6.9549583
Togo,44.801,41.585,39.762,39.833,39.321,37.207,34.51,34.12490452,32.5563094,31.14815859,29.74000778,28.33185696,26.92370615,25.51555533
Thailand,22.133,19.222,16.913,14.524,12.87,11.757,10.836,4.18309096,4.16004548,1.961219727,-0.237606026,-2.43643178,-4.635257533,-6.834083286
Tajikistan,42.957,40.557,34.925,30.624,29.742,31.627,32.115,28.10390678,25.42291768,23.55437419,21.68583071,19.81728723,17.94874374,16.08020026
Turkmenistan,36.495,35.465,28.84,23.601,22.968,25.405,26.005,20.73335028,18.40853228,16.40175195,14.39497162,12.38819128,10.38141095,8.374630616
Latin America & the Caribbean (IDA & IBRD countries),30.03532114,27.28860661,24.87711962,22.51109839,20.19311061,18.46202061,17.26061897,14.06634987,12.00717241,9.822815006,7.638457602,5.454100198,3.269742794,1.08538539
Timor-Leste,40.793,41.933,41.299,39.547,36.164,30.694,29.32,31.01399153,27.41428148,25.42956649,23.44485149,21.4601365,19.47542151,17.49070652
Middle East & North Africa (IDA & IBRD countries),39.1008443,33.5482534,27.7867351,24.55813938,23.89128192,24.90262242,24.82345436,19.10739951,16.88105714,14.58466066,12.28826418,9.991867704,7.695471224,5.399074745
Tonga,33.278,31.341,29.762,28.248,28.547,27.421,25.354,22.8520791,22.47678955,21.17154614,19.86630273,18.56105932,17.25581591,15.9505725
South Asia (IDA & IBRD),35.71872588,32.90912352,30.16219108,27.65449024,25.20264178,22.41298485,20.19681543,18.93226061,15.57189001,13.11038686,10.64888371,8.18738056,5.725877411,3.264374263
Sub-Saharan Africa (IDA & IBRD countries),45.64298376,44.0501423,42.6064944,41.59675378,40.45845142,38.85672342,36.60520368,36.91381191,34.9100789,33.5920252,32.27397149,30.95591778,29.63786408,28.31981037
Trinidad and Tobago,26.82,20.72,16.17,14.724,15.161,15.206,14.007,9.975639548,8.351676917,6.519170689,4.686664461,2.854158232,1.021652004,-0.810854224
Tunisia,31.322,25.975,20.479,17.297,16.494,18.149,18.707,10.72192429,9.80381929,7.561753457,5.319687624,3.077621792,0.835555959,-1.406509874
Turkey,30.295,25.865,23.553,21.672,19.521,17.918,16.718,12.09195254,10.65715484,8.368912793,6.080670743,3.792428692,1.504186642,-0.784055408
Tuvalu,,,,,,,,,,,,,,
Tanzania,45.306,43.986,42.289,41.648,41.716,40.249,37.866,37.56321243,36.46085621,35.37929058,34.29772495,33.21615932,32.13459369,31.05302806
Uganda,49.562,49.855,49.603,48.584,47.101,44.693,40.68,43.65792486,41.17681957,39.94567045,38.71452133,37.48337222,36.2522231,35.02107398
Ukraine,14.587,12.6,9.6,7.8,9,10.8,10.7,7.76149774,7.544713156,6.91996892,6.295224684,5.670480448,5.045736212,4.420991976
Upper middle income,23.07269552,21.95866861,18.5276349,16.11029815,14.72023942,14.2981425,14.02473871,10.13961565,8.877232153,7.159616147,5.44200014,3.724384134,2.006768127,0.289152121
Uruguay,18.157,18.294,17.604,16.329,15.087,14.332,14.134,13.28291582,12.36802934,11.58259375,10.79715817,10.01172258,9.226286992,8.440851406
United States,15.8,16.7,14.6,14.4,14,13,12.4,11.45028249,10.9822841,10.3019505,9.621616895,8.941283293,8.260949691,7.580616088
Uzbekistan,37.4,33.7,29.8,21.4,20.4,22,23.5,18.6105339,14.76598123,12.30257335,9.839165456,7.375757567,4.912349677,2.448941788
St. Vincent and the Grenadines,27.384,24.843,22.765,19.963,17.851,16.252,14.78,9.405101695,8.557979419,6.202999798,3.848020178,1.493040557,-0.861939064,-3.216918684
"Venezuela, RB",30.915,28.703,25.854,23.8,22.22,20.786,19.002,15.74110339,14.18980169,12.14806031,10.10631893,8.064577542,6.022836158,3.981094774
British Virgin Islands,,,,,,,,,,,,,,
Virgin Islands (U.S.),25,21.4,18.7,14.4,14.8,14.8,13.2,9.408672316,7.815050444,5.893154089,3.971257735,2.04936138,0.127465026,-1.794431329
Vietnam,30.603,28.561,22.842,17.429,16.805,17.282,17.259,12.14128249,9.487819814,7.07060526,4.653390705,2.23617615,-0.181038405,-2.598252959
Vanuatu,37.509,36.084,34.632,33.384,32.887,32.262,30.814,28.30860904,27.96580452,26.79485527,25.62390603,24.45295678,23.28200753,22.11105829
World,27.25377864,25.8787361,23.36789557,21.67729464,20.5699017,19.80949947,18.95740831,16.73261085,15.35031594,13.92129934,12.49228273,11.06326613,9.634249526,8.205232922
Samoa,35.314,33.127,31.854,30.616,29.51,28.001,25.427,23.21167514,22.35323043,20.73559621,19.117962,17.50032778,15.88269357,14.26505936
Kosovo,32.1,29.7,22.2,22.9,21,18.5,16.9,,13.44285714,10.97142857,8.5,6.028571429,3.557142857,1.085714286
"Yemen, Rep.",54.477,52.621,46.095,39.517,36.491,34.472,32.197,31.50780056,24.80797171,21.22702652,17.64608133,14.06513614,10.48419095,6.903245756
South Africa,34.87,30.312,25.276,22.854,23.073,23.305,21.719,18.15761073,16.07194822,14.09997531,12.12800239,10.15602948,8.184056564,6.212083649
Zambia,46.615,45.725,45.302,45.271,43.823,41.194,37.95,39.07961469,37.47380734,36.21910857,34.96440979,33.70971102,32.45501224,31.20031347
Zimbabwe,40.601,36.218,32.56,31.776,33.764,36.464,33.981,29.26297797,30.21134613,29.29645143,28.38155674,27.46666205,26.55176735,25.63687266
