review_date,helpful_votes,total_votes,weighted_votes,weighted_ratings
2002-03-02,320,332,309,0
2002-04-20,78,87,70,140
2002-07-13,4,4,5,10
2002-08-13,26,32,21,-42
2002-08-21,14,18,11,22
2002-11-08,4,4,5,5
2002-12-17,59,61,58,116
2002-12-18,3,3,4,8
2003-01-07,1,1,2,2
2003-01-14,2,5,0,0
2003-01-23,4,4,5,10
2003-01-26,3,6,1,1
2003-02-19,1,6,-3,0
2003-02-27,13,13,14,28
2003-03-11,3,3,4,8
2003-03-31,2,2,3,0
2003-04-02,6,7,6,12
2003-04-09,4,4,5,10
2004-01-06,8,9,8,8
2004-01-22,4,9,0,0
2004-03-04,10,10,11,22
2004-03-15,266,281,252,504
2004-05-25,6,8,5,-10
2004-08-15,5,6,5,-5
2004-11-03,5,5,6,0
2004-11-09,10,10,11,22
2005-04-13,81,83,80,-160
2005-05-25,165,168,163,-326
2005-06-05,3,3,4,8
2005-07-05,15,18,13,26
2005-08-11,9,9,10,0
2005-09-04,5,5,6,12
2005-09-06,66,78,55,110
2005-09-15,263,270,257,257
2005-09-21,17,18,17,34
2005-09-22,80,96,65,0
2005-09-25,3,3,4,4
2005-10-10,9,10,9,18
2005-10-14,5,5,6,12
2005-10-17,4,4,5,10
2005-11-07,92,96,89,-89
2005-11-30,13,16,11,22
2005-12-08,5,7,4,8
2005-12-25,3,4,3,0
2005-12-28,40,43,38,76
2005-12-29,6,7,6,12
2006-01-05,30,32,30,7
2006-01-13,4,4,5,10
2006-01-18,6,6,7,14
2006-01-19,128,139,118,-118
2006-01-23,51,51,52,-52
2006-01-28,28,32,26,8
2006-01-30,57,59,57,-98
2006-02-01,1,2,1,-2
2006-02-03,3,4,3,-3
2006-02-04,7,10,5,-10
2006-02-17,5,6,5,5
2006-02-23,14,14,16,32
2006-02-24,32,34,34,31
2006-02-27,10,11,10,-20
2006-02-28,2,2,3,6
2006-03-02,20,20,22,33
2006-03-03,3,5,2,4
2006-03-04,96,96,97,-194
2006-03-08,12,17,10,15
2006-03-12,9,9,11,1
2006-03-19,26,28,27,8
2006-03-23,13,14,13,-13
2006-04-09,10,12,9,9
2006-04-16,3,26,-19,-19
2006-04-30,9,10,9,-18
2006-05-13,22,27,18,-36
2006-05-28,99,107,92,0
2006-05-30,63,64,63,-126
2006-06-04,12,16,9,-18
2006-06-06,3,5,2,-4
2006-06-08,8,13,4,-8
2006-06-17,24,24,25,50
2006-06-22,6,7,6,-6
2006-07-06,12,12,13,-13
2006-07-09,12,16,9,9
2006-07-10,13,13,14,14
2006-08-06,1,3,0,0
2006-08-20,9,9,10,20
2006-08-21,4,5,4,-8
2006-08-23,5,5,6,0
2006-09-03,1,3,0,0
2006-09-06,42,48,37,-37
2006-09-30,5,5,6,-12
2006-10-09,3,5,2,-2
2006-10-18,3,4,3,-6
2006-11-03,5,7,5,7
2006-11-04,8,9,9,12
2006-11-05,68,74,64,98
2006-11-16,8,9,8,8
2006-11-17,1,5,-2,-2
2006-11-19,5,5,6,-12
2006-11-27,3,18,-11,22
2006-12-01,4,4,5,10
2006-12-02,257,262,254,504
2007-01-03,21,25,21,42
2007-01-05,199,209,191,410
2007-01-07,33,38,29,0
2007-01-09,37,43,36,69
2007-01-11,2,2,3,6
2007-01-12,8,8,10,18
2007-01-15,35,41,31,-2
2007-01-18,1,1,2,2
2007-01-22,14,15,14,-14
2007-01-24,20,21,20,40
2007-01-27,2,6,-1,2
2007-01-30,0,1,0,0
2007-02-06,13,14,13,13
2007-02-17,0,0,1,2
2007-02-19,2,3,2,4
2007-02-21,13,13,14,28
2007-02-24,20,26,15,30
2007-03-08,1,1,2,4
2007-03-09,1,2,2,2
2007-03-10,17,17,19,36
2007-03-12,1,1,3,4
2007-03-13,28,31,27,-2
2007-03-21,14,16,15,13
2007-03-22,0,0,1,1
2007-03-27,6,6,7,14
2007-03-30,7,9,6,-12
2007-04-01,261,292,232,-463
2007-04-05,5,5,7,12
2007-04-09,0,0,1,2
2007-04-10,14,14,16,32
2007-04-12,1,1,2,4
2007-04-14,43,55,38,3
2007-04-15,91,100,96,146
2007-04-22,2,2,3,-6
2007-04-24,0,0,1,-1
2007-05-02,35,36,35,35
2007-05-06,18,19,22,37
2007-05-13,12,13,13,26
2007-05-14,8,10,8,10
2007-05-21,60,61,60,-60
2007-05-22,69,73,67,-130
2007-05-25,58,59,59,118
2007-05-26,0,0,1,1
2007-05-27,1,2,1,-2
2007-05-30,39,39,40,40
2007-06-02,2,3,3,4
2007-06-05,3,7,0,0
2007-06-07,121,123,120,240
2007-06-08,9,13,8,-9
2007-06-11,5,6,6,10
2007-06-12,0,0,1,0
2007-06-13,5,6,5,10
2007-06-15,79,85,74,148
2007-06-18,16,17,16,-32
2007-06-28,15,19,12,-12
2007-07-01,1,2,1,2
2007-07-13,88,96,81,-162
2007-07-14,14,18,11,0
2007-07-15,1,1,2,2
2007-07-19,4,4,5,5
2007-07-27,1,1,2,2
2007-07-28,18,20,19,18
2007-08-01,2,2,3,6
2007-08-04,3,3,4,8
2007-08-06,9,9,11,11
2007-08-07,1,1,2,4
2007-08-09,64,77,53,-50
2007-08-13,0,1,0,0
2007-08-17,2,2,3,6
2007-08-20,2,2,3,-6
2007-08-21,7,8,7,0
2007-08-27,304,315,294,-588
2007-08-31,0,0,1,0
2007-09-04,5,5,6,12
2007-09-05,71,72,71,142
2007-09-15,11,14,9,18
2007-09-17,7,9,6,12
2007-09-20,0,1,0,0
2007-09-23,1,1,3,6
2007-09-25,4,5,5,6
2007-09-27,1,1,2,4
2007-10-01,2,2,4,6
2007-10-02,1,7,-4,8
2007-10-05,1,1,2,4
2007-10-09,3,4,3,3
2007-10-12,10,11,12,8
2007-10-13,2,4,2,3
2007-10-16,8,11,6,-6
2007-10-26,0,0,1,2
2007-11-05,2,2,4,8
2007-11-06,2,2,3,6
2007-11-17,4,5,4,8
2007-11-25,0,0,1,2
2007-11-26,19,22,18,18
2007-11-28,0,0,1,2
2007-12-01,2,2,5,8
2007-12-02,2,2,3,-3
2007-12-04,1,2,2,4
2007-12-07,1,1,2,4
2007-12-11,11,12,12,24
2007-12-12,2,2,3,6
2007-12-13,10,11,11,20
2007-12-18,7,7,9,18
2007-12-21,9,12,9,14
2007-12-24,8,8,10,20
2007-12-25,1,1,2,4
2007-12-28,12,12,15,27
2007-12-29,1,10,-7,14
2007-12-31,2,3,2,2
2008-01-01,16,19,15,-2
2008-01-07,4,6,3,6
2008-01-08,16,17,16,32
2008-01-10,2,2,3,6
2008-01-11,46,50,44,88
2008-01-12,11,14,9,-18
2008-01-13,311,315,311,601
2008-01-14,2,2,3,6
2008-01-15,19,19,22,38
2008-01-18,27,31,25,-42
2008-01-22,23,25,23,22
2008-01-28,0,0,2,3
2008-01-29,2,3,3,6
2008-01-30,5,5,6,12
2008-01-31,4,4,5,10
2008-02-01,3,4,3,-3
2008-02-05,10,10,11,22
2008-02-06,0,1,0,0
2008-02-08,0,0,1,2
2008-02-09,0,0,1,2
2008-02-10,2,2,3,3
2008-02-11,3,4,4,8
2008-02-12,1,1,2,0
2008-02-13,1,2,1,-2
2008-02-15,0,1,2,3
2008-02-16,0,0,1,2
2008-02-17,6,7,7,14
2008-02-18,6,9,6,1
2008-02-20,10,10,13,-2
2008-02-22,1,1,3,3
2008-02-23,0,0,1,2
2008-02-25,1,1,2,2
2008-02-27,0,0,1,0
2008-02-28,0,0,1,1
2008-02-29,15,16,15,30
2008-03-03,2,2,4,7
2008-03-09,0,0,2,3
2008-03-10,1,1,2,-2
2008-03-11,3,4,6,6
2008-03-12,4,4,6,12
2008-03-13,3,4,3,-3
2008-03-14,5,5,7,-10
2008-03-15,4,5,5,10
2008-03-18,3,4,4,7
2008-03-19,14,19,12,-20
2008-03-23,2,2,3,6
2008-03-25,2,2,3,0
2008-03-26,1,1,2,4
2008-03-27,315,325,306,612
2008-03-30,0,0,1,0
2008-04-02,26,31,22,-44
2008-04-06,0,0,2,-1
2008-04-14,17,18,20,21
2008-04-15,1,1,3,-3
2008-04-17,0,0,1,2
2008-04-21,0,1,1,1
2008-04-24,8,9,8,16
2008-04-26,267,279,259,420
2008-04-27,1,1,2,2
2008-05-03,4,5,5,-4
2008-05-04,1,1,4,3
2008-05-05,38,49,29,-28
2008-05-08,0,0,1,2
2008-05-11,0,0,1,1
2008-05-12,4,5,5,-7
2008-05-14,2,2,3,6
2008-05-20,9,10,10,-12
2008-05-22,2,2,4,8
2008-05-26,0,0,1,2
2008-05-27,0,0,1,1
2008-05-29,87,88,87,174
2008-06-02,1,1,2,2
2008-06-03,4,5,5,-5
2008-06-04,7,7,8,0
2008-06-07,12,12,14,16
2008-06-08,4,5,4,4
2008-06-09,0,1,0,0
2008-06-15,16,22,11,22
2008-06-17,1,1,2,2
2008-06-18,0,0,1,2
2008-06-19,3,3,6,-2
2008-06-23,0,0,1,2
2008-06-24,0,0,1,2
2008-06-29,5,6,7,6
2008-07-03,8,12,5,0
2008-07-06,0,0,1,1
2008-07-15,16,22,11,0
2008-07-16,46,54,41,-82
2008-07-17,6,6,7,14
2008-07-19,1,1,2,2
2008-07-20,0,0,1,2
2008-07-24,23,27,21,42
2008-07-25,1,2,1,-2
2008-07-29,1,1,2,4
2008-08-03,0,0,1,2
2008-08-06,3,3,4,-8
2008-08-08,0,0,1,-2
2008-08-09,0,0,1,2
2008-08-12,0,0,1,1
2008-08-13,3,3,6,12
2008-08-16,0,0,2,0
2008-08-24,1,1,2,4
2008-08-25,1,1,2,4
2008-08-28,2,4,2,0
2008-09-01,3,3,4,4
2008-09-03,3,3,4,4
2008-09-05,1,14,-10,14
2008-09-07,22,23,23,46
2008-09-09,1,2,1,1
2008-09-10,9,9,11,18
2008-09-13,16,17,16,32
2008-09-15,0,0,1,1
2008-09-24,1,2,1,0
2008-10-01,0,0,1,1
2008-10-02,3,4,4,8
2008-10-05,7,7,9,-10
2008-10-06,5,7,5,3
2008-10-08,22,26,19,-38
2008-10-09,1,1,2,0
2008-10-10,1,1,2,2
2008-10-14,12,14,13,-20
2008-10-15,0,4,-3,0
2008-10-16,2,2,3,6
2008-10-18,0,0,1,2
2008-10-24,1,2,1,2
2008-10-28,0,0,1,2
2008-10-30,1,1,2,4
2008-11-01,0,0,1,1
2008-11-02,0,0,1,2
2008-11-04,2,2,4,-1
2008-11-07,1,1,3,6
2008-11-08,298,325,272,544
2008-11-10,2,2,4,6
2008-11-14,55,59,53,-100
2008-11-16,2,2,3,6
2008-11-19,0,0,1,2
2008-11-20,12,13,13,-7
2008-11-21,6,7,6,-12
2008-11-23,0,0,1,-1
2008-11-25,1,1,3,0
2008-11-27,2,3,2,0
2008-11-30,0,0,1,1
2008-12-03,23,28,19,19
2008-12-04,1,1,2,4
2008-12-06,1,1,2,2
2008-12-08,125,133,119,236
2008-12-16,1,1,2,-4
2008-12-17,2,2,4,8
2008-12-20,3,5,4,8
2008-12-22,1,2,2,0
2008-12-23,1,2,1,1
2008-12-24,0,0,1,1
2008-12-28,1,1,2,4
2008-12-31,7,8,7,-14
2009-01-06,2,2,3,3
2009-01-10,133,149,120,198
2009-01-11,29,31,30,30
2009-01-12,168,176,161,-322
2009-01-14,1,1,2,4
2009-01-15,1,1,3,6
2009-01-17,3,6,1,-2
2009-01-19,7,8,8,16
2009-01-20,6,7,7,4
2009-01-21,4,4,6,8
2009-01-22,7,8,7,7
2009-01-23,0,1,0,0
2009-01-25,1,1,2,4
2009-01-26,51,52,51,-102
2009-01-27,0,0,1,2
2009-01-29,0,0,1,1
2009-01-30,2,2,3,-6
2009-01-31,10,11,10,0
2009-02-02,6,7,6,-12
2009-02-05,34,35,36,69
2009-02-06,3,3,6,9
2009-02-07,0,0,1,1
2009-02-08,0,1,0,0
2009-02-10,6,6,9,5
2009-02-11,4,4,6,-8
2009-02-12,3,3,4,8
2009-02-14,7,8,8,-6
2009-02-15,3,4,4,7
2009-02-16,52,53,52,0
2009-02-17,0,0,1,2
2009-02-19,1,2,1,-2
2009-02-21,8,9,9,1
2009-02-23,3,8,2,1
2009-02-24,0,0,1,1
2009-02-28,1,1,4,7
2009-03-02,0,0,2,2
2009-03-06,2,2,3,6
2009-03-07,304,321,288,576
2009-03-08,4,5,4,-8
2009-03-11,23,26,23,-38
2009-03-12,0,0,2,4
2009-03-13,0,0,1,2
2009-03-16,3,3,6,1
2009-03-17,3,3,5,-3
2009-03-18,2,2,5,10
2009-03-19,5,7,6,6
2009-03-22,16,17,17,-31
2009-03-24,0,1,0,0
2009-03-25,4,6,4,7
2009-03-29,0,0,1,-1
2009-03-31,1,1,4,5
2009-04-02,0,0,1,2
2009-04-04,0,0,3,5
2009-04-06,1,2,1,1
2009-04-08,4,4,5,-10
2009-04-10,0,0,1,2
2009-04-13,0,0,1,0
2009-04-19,3,3,4,4
2009-04-20,1,1,3,6
2009-04-21,0,0,1,-1
2009-04-23,1,1,2,4
2009-04-24,0,0,2,2
2009-04-25,2,4,3,6
2009-04-26,1,1,3,6
2009-04-27,9,10,11,22
2009-04-28,1,1,2,4
2009-04-29,0,0,2,4
2009-04-30,0,0,1,2
2009-05-01,2,3,4,6
2009-05-03,0,0,1,2
2009-05-04,9,11,13,15
2009-05-05,18,20,20,-23
2009-05-06,1,1,2,4
2009-05-07,0,0,2,3
2009-05-11,3,4,4,6
2009-05-12,1,2,2,-1
2009-05-14,2,2,4,6
2009-05-15,0,0,1,2
2009-05-16,3,4,3,6
2009-05-19,0,1,0,0
2009-05-24,2,2,4,1
2009-05-26,0,1,1,2
2009-05-27,0,0,1,2
2009-05-28,0,0,2,4
2009-05-29,7,10,7,-6
2009-05-30,1,2,1,2
2009-05-31,0,0,1,1
2009-06-04,1,1,2,4
2009-06-08,9,10,9,18
2009-06-11,5,6,5,0
2009-06-13,5,5,6,12
2009-06-17,1,1,2,4
2009-06-18,0,0,1,2
2009-06-19,5,6,5,-5
2009-06-21,9,10,11,18
2009-06-22,0,0,1,1
2009-06-23,45,57,34,68
2009-06-24,21,22,22,44
2009-06-25,0,0,1,2
2009-06-26,3,4,5,8
2009-07-01,2,2,3,6
2009-07-04,0,0,1,2
2009-07-05,6,7,7,-10
2009-07-07,6,6,7,7
2009-07-09,3,4,3,-6
2009-07-11,0,0,1,2
2009-07-12,0,0,1,0
2009-07-13,6,7,6,6
2009-07-14,9,10,9,-9
2009-07-16,0,0,1,2
2009-07-20,4,4,6,11
2009-08-03,5,5,6,12
2009-08-04,1,1,2,-4
2009-08-06,1,6,-2,2
2009-08-10,1,2,2,4
2009-08-11,1,1,3,5
2009-08-12,0,0,1,1
2009-08-14,62,66,60,110
2009-08-16,16,18,18,36
2009-08-20,6,6,7,14
2009-08-21,3,11,-4,0
2009-08-24,6,7,9,14
2009-08-27,1,1,2,4
2009-08-28,0,0,1,2
2009-09-02,1,1,2,4
2009-09-05,5,14,-1,6
2009-09-07,0,0,2,3
2009-09-08,1,1,2,2
2009-09-09,0,0,1,1
2009-09-11,15,15,19,3
2009-09-14,0,0,1,2
2009-09-15,0,0,1,2
2009-09-17,0,0,1,-1
2009-09-20,0,0,2,2
2009-09-22,0,0,1,1
2009-09-23,2,2,3,-6
2009-09-25,96,102,92,183
2009-09-26,39,48,32,-12
2009-09-27,0,2,-1,1
2009-09-30,0,0,1,2
2009-10-01,0,0,1,2
2009-10-02,6,7,6,6
2009-10-05,2,4,2,5
2009-10-12,1,1,2,4
2009-10-13,6,7,6,-12
2009-10-14,1,1,2,2
2009-10-15,114,130,101,2
2009-10-18,1,1,2,0
2009-10-20,1,1,3,4
2009-10-21,3,3,5,10
2009-10-22,11,11,13,16
2009-10-23,0,0,1,2
2009-10-26,15,22,11,7
2009-10-28,8,9,8,8
2009-10-29,3,4,3,6
2009-10-30,18,18,20,40
2009-10-31,0,0,1,1
2009-11-04,1,1,2,4
2009-11-07,0,0,1,2
2009-11-08,12,13,12,-24
2009-11-09,5,6,7,6
2009-11-12,0,0,1,-1
2009-11-21,0,0,1,2
2009-11-26,5,6,5,-10
2009-12-01,3,4,4,0
2009-12-02,11,15,10,32
2009-12-03,0,1,0,0
2009-12-04,4,5,5,9
2009-12-05,1,2,3,6
2009-12-07,1,1,3,4
2009-12-09,0,0,1,-2
2009-12-10,1,1,2,4
2009-12-13,9,9,11,-19
2009-12-14,2,2,3,-3
2009-12-16,0,2,-1,0
2009-12-17,1,1,2,4
2009-12-18,3,11,-3,9
2009-12-21,1,3,1,2
2009-12-22,0,0,3,2
2009-12-23,3,3,5,-2
2009-12-24,0,0,1,2
2009-12-26,0,0,1,1
2009-12-28,1,2,1,2
2009-12-29,0,0,1,1
2010-01-02,7,10,6,8
2010-01-05,2,3,2,4
2010-01-07,1,1,3,6
2010-01-09,1,1,3,6
2010-01-15,0,0,1,1
2010-01-16,0,0,1,0
2010-01-17,51,56,48,93
2010-01-19,0,0,1,2
2010-01-22,0,0,2,3
2010-01-24,1,2,2,2
2010-01-27,0,0,1,1
2010-01-28,0,0,1,2
2010-01-30,4,5,7,2
2010-01-31,11,11,13,26
2010-02-01,0,0,3,2
2010-02-03,3,3,4,8
2010-02-04,0,1,0,0
2010-02-05,0,0,2,4
2010-02-06,40,41,42,84
2010-02-07,0,0,3,5
2010-02-09,0,0,1,2
2010-02-11,2,2,3,3
2010-02-13,0,0,2,0
2010-02-14,2,2,3,6
2010-02-15,0,1,0,0
2010-02-17,0,0,1,1
2010-02-19,0,1,2,4
2010-02-21,1,1,2,-4
2010-02-22,2,2,4,-2
2010-02-26,32,34,31,31
2010-03-01,0,0,1,0
2010-03-03,2,2,4,-5
2010-03-04,6,7,7,-2
2010-03-05,0,0,1,2
2010-03-06,1,1,3,-2
2010-03-09,1,1,2,4
2010-03-10,525,607,445,890
2010-03-11,126,161,125,151
2010-03-13,0,0,1,2
2010-03-15,2,2,4,-5
2010-03-20,5,7,4,-8
2010-03-21,0,0,1,2
2010-03-24,0,0,2,4
2010-03-28,0,0,1,1
2010-03-30,3,3,4,4
2010-03-31,1,2,1,-2
2010-04-01,0,0,1,2
2010-04-03,0,0,1,1
2010-04-05,16,17,16,32
2010-04-06,2,2,4,8
2010-04-07,5,7,4,-8
2010-04-10,0,0,1,1
2010-04-11,21,31,12,12
2010-04-14,7,8,8,2
2010-04-16,0,0,1,-2
2010-04-18,2,12,-6,20
2010-04-19,12,51,-26,52
2010-04-20,2,2,4,-8
2010-04-21,24,24,26,20
2010-04-22,0,0,1,0
2010-04-24,1,1,4,4
2010-04-26,1,7,-2,6
2010-04-29,0,0,1,2
2010-04-30,0,0,1,2
2010-05-02,0,0,1,-2
2010-05-06,31,44,28,-2
2010-05-07,48,66,47,28
2010-05-11,4,4,6,12
2010-05-13,0,0,1,2
2010-05-14,0,0,1,2
2010-05-15,4,4,5,5
2010-05-16,2,2,3,-3
2010-05-19,2,3,2,2
2010-05-20,25,31,22,-22
2010-05-21,0,0,1,2
2010-05-22,13,15,12,24
2010-05-24,0,0,1,-2
2010-05-27,0,0,1,2
2010-05-28,0,0,1,1
2010-05-30,47,48,48,96
2010-05-31,0,0,1,2
2010-06-01,0,0,1,2
2010-06-03,7,8,7,7
2010-06-04,0,0,1,2
2010-06-07,6,7,9,-10
2010-06-08,1,1,3,1
2010-06-10,0,0,1,1
2010-06-12,2,2,4,4
2010-06-14,3,3,4,-8
2010-06-15,5,6,7,-4
2010-06-17,1,2,1,2
2010-06-22,4,5,4,-8
2010-06-23,0,0,1,2
2010-06-24,4,4,8,10
2010-06-25,0,0,1,2
2010-06-28,92,98,88,89
2010-06-30,69,83,58,-49
2010-07-02,1,1,2,-4
2010-07-05,3,5,4,4
2010-07-07,14,14,17,-23
2010-07-08,2,2,3,3
2010-07-11,0,0,1,2
2010-07-12,1,1,3,0
2010-07-14,3,3,6,12
2010-07-18,0,1,0,0
2010-07-19,14,16,13,26
2010-07-20,4,4,5,5
2010-07-23,1,2,1,2
2010-07-24,35,40,32,-64
2010-07-25,91,98,86,86
2010-07-28,0,0,1,2
2010-08-05,925,1092,904,940
2010-08-06,43,43,46,89
2010-08-09,0,0,1,1
2010-08-16,0,0,2,3
2010-08-17,5,6,7,12
2010-08-18,0,0,1,2
2010-08-19,5,5,8,-4
2010-08-20,2,2,3,6
2010-08-21,1,1,2,4
2010-08-24,22,29,17,-32
2010-08-27,0,0,1,2
2010-08-28,2,2,3,-6
2010-09-03,4,4,7,7
2010-09-04,0,0,1,2
2010-09-05,1,2,1,2
2010-09-06,21,23,22,-29
2010-09-09,0,0,1,0
2010-09-11,2,2,3,6
2010-09-12,20,36,6,27
2010-09-13,0,0,1,-1
2010-09-14,0,0,1,0
2010-09-15,2,2,4,-8
2010-09-16,1,2,1,-2
2010-09-19,0,0,1,-2
2010-09-20,3,4,5,6
2010-09-21,4,4,7,-4
2010-09-22,4,8,3,8
2010-09-24,0,1,3,6
2010-09-25,0,0,2,3
2010-09-26,1,1,2,-2
2010-09-27,0,0,1,1
2010-09-29,16,19,14,28
2010-10-02,1,2,1,1
2010-10-03,1,1,4,6
2010-10-05,0,0,2,4
2010-10-06,0,0,1,2
2010-10-07,34,35,39,74
2010-10-08,0,0,1,2
2010-10-09,3,4,3,-6
2010-10-11,3,4,6,-5
2010-10-12,0,0,2,1
2010-10-14,1,1,2,4
2010-10-15,0,0,2,3
2010-10-16,0,0,1,2
2010-10-17,9,13,8,5
2010-10-18,0,0,1,-2
2010-10-19,47,52,45,75
2010-10-22,5,10,4,10
2010-10-23,0,0,2,-1
2010-10-24,0,0,1,1
2010-10-26,1,3,2,-3
2010-10-27,2,2,3,6
2010-10-31,3,3,4,-8
2010-11-02,1,2,1,-2
2010-11-06,0,0,1,1
2010-11-07,0,0,1,2
2010-11-08,1,1,2,2
2010-11-09,0,0,2,1
2010-11-10,1,1,3,-2
2010-11-11,0,0,1,2
2010-11-13,0,0,2,2
2010-11-14,0,0,1,2
2010-11-15,3,3,4,8
2010-11-16,1,1,2,4
2010-11-17,1,1,2,2
2010-11-18,2,2,3,6
2010-11-20,6,7,6,-6
2010-11-21,1,1,2,4
2010-11-22,10,15,8,16
2010-11-23,2,3,2,4
2010-11-24,0,0,2,4
2010-11-25,5,7,5,-4
2010-11-27,7,7,10,2
2010-11-28,1,2,3,6
2010-11-29,13,30,1,45
2010-12-02,1,1,2,2
2010-12-03,1,1,3,6
2010-12-04,183,219,166,204
2010-12-05,0,0,2,4
2010-12-07,0,0,1,-1
2010-12-08,0,0,1,2
2010-12-09,0,0,1,2
2010-12-10,5,6,9,1
2010-12-11,0,0,1,2
2010-12-13,0,0,3,6
2010-12-14,0,0,3,4
2010-12-15,6,7,7,14
2010-12-16,29,29,32,64
2010-12-17,21,23,23,32
2010-12-19,7,10,5,5
2010-12-20,2,2,3,6
2010-12-21,1,1,4,6
2010-12-22,1,1,3,6
2010-12-26,10,13,8,16
2010-12-27,14,18,14,-12
2010-12-28,3,4,3,-6
2010-12-29,1,13,-8,15
2010-12-31,13,17,12,-14
2011-01-01,2,2,3,3
2011-01-02,10,14,8,-12
2011-01-03,0,0,3,3
2011-01-04,0,0,1,2
2011-01-05,10,12,10,22
2011-01-08,10,11,12,18
2011-01-10,9,11,11,6
2011-01-11,14,21,9,-7
2011-01-12,0,0,1,0
2011-01-13,16,17,21,29
2011-01-14,3,4,4,-3
2011-01-15,31,40,27,-29
2011-01-16,0,0,1,2
2011-01-17,3,3,4,-8
2011-01-18,4,5,7,8
2011-01-19,0,1,0,0
2011-01-20,2,2,6,8
2011-01-21,6,6,9,18
2011-01-24,10,13,8,8
2011-01-25,77,84,76,26
2011-01-26,0,0,1,-2
2011-01-27,0,0,1,0
2011-01-29,1,1,3,5
2011-01-31,5,5,7,2
2011-02-02,8,8,9,18
2011-02-03,22,28,19,-30
2011-02-06,2,2,5,2
2011-02-09,1,2,1,0
2011-02-10,0,0,2,0
2011-02-11,2,2,3,6
2011-02-14,5,6,7,-3
2011-02-15,3,4,3,-3
2011-02-17,3,5,8,4
2011-02-19,13,17,10,-20
2011-02-22,1,1,2,4
2011-02-24,0,1,0,0
2011-02-25,5,5,7,11
2011-02-26,178,213,190,209
2011-02-27,0,0,1,1
2011-02-28,9,11,8,8
2011-03-01,2,2,4,8
2011-03-02,342,369,319,398
2011-03-04,0,0,1,2
2011-03-05,0,0,1,2
2011-03-06,0,0,1,2
2011-03-07,10,12,11,10
2011-03-08,16,18,15,30
2011-03-09,18,19,21,39
2011-03-11,1,1,2,2
2011-03-13,2,2,4,4
2011-03-14,12,14,13,13
2011-03-15,2,2,3,6
2011-03-16,0,0,1,-2
2011-03-17,1,1,4,6
2011-03-18,0,0,1,-2
2011-03-20,3,3,6,3
2011-03-21,0,1,1,2
2011-03-22,0,0,1,2
2011-03-24,1,7,-1,-4
2011-03-25,0,1,1,2
2011-03-26,0,0,1,2
2011-03-27,0,3,-2,0
2011-03-28,23,24,24,25
2011-03-29,4,5,4,4
2011-03-30,0,0,1,2
2011-04-01,0,0,2,3
2011-04-03,1,1,2,2
2011-04-04,1,2,2,-1
2011-04-05,1,1,2,0
2011-04-07,2,2,4,7
2011-04-08,0,0,1,-2
2011-04-09,13,17,10,0
2011-04-11,9,10,12,-16
2011-04-12,6,8,8,-8
2011-04-13,1,1,3,5
2011-04-14,0,0,2,2
2011-04-15,4,5,6,-5
2011-04-16,20,22,22,13
2011-04-17,0,0,1,2
2011-04-19,1,2,1,2
2011-04-20,1,1,2,4
2011-04-21,0,0,1,1
2011-04-23,5,7,7,10
2011-04-26,4,5,4,8
2011-04-27,25,27,24,48
2011-04-28,3,3,4,8
2011-04-29,0,0,1,2
2011-04-30,4,7,4,-4
2011-05-01,1,1,2,4
2011-05-03,0,0,1,-2
2011-05-04,0,0,2,0
2011-05-05,0,1,0,0
2011-05-07,13,16,13,18
2011-05-09,15,19,13,26
2011-05-10,7,10,6,4
2011-05-11,0,0,1,2
2011-05-12,11,12,12,-3
2011-05-13,1,1,3,3
2011-05-14,2,3,3,6
2011-05-17,2,5,0,0
2011-05-18,4,5,5,-9
2011-05-19,12,14,15,25
2011-05-21,15,17,15,16
2011-05-22,11,13,10,20
2011-05-23,0,0,1,2
2011-05-24,12,12,15,28
2011-05-25,1,2,1,2
2011-05-26,8,11,8,16
2011-05-27,50,54,47,47
2011-05-28,3,3,5,9
2011-05-30,8,8,9,9
2011-05-31,1,1,2,4
2011-06-01,2,2,3,0
2011-06-02,0,0,1,2
2011-06-03,0,0,1,-1
2011-06-05,1,1,3,5
2011-06-06,0,0,1,2
2011-06-07,0,0,1,2
2011-06-08,6,7,6,0
2011-06-09,0,0,4,5
2011-06-10,2,2,4,8
2011-06-11,0,0,1,2
2011-06-12,0,0,1,-2
2011-06-14,4,4,5,10
2011-06-15,2,2,5,3
2011-06-16,7,8,12,16
2011-06-17,1,1,2,4
2011-06-18,2,3,3,-2
2011-06-20,0,0,1,-2
2011-06-23,0,0,2,0
2011-06-24,4,4,5,10
2011-06-25,0,0,1,2
2011-06-28,0,1,0,0
2011-06-29,1,1,3,-3
2011-07-01,3,3,7,-2
2011-07-02,195,240,205,284
2011-07-03,4,4,6,-9
2011-07-06,0,0,1,1
2011-07-07,3,3,4,4
2011-07-08,97,102,93,93
2011-07-09,0,0,1,-2
2011-07-11,0,1,0,0
2011-07-12,1,1,2,4
2011-07-13,0,0,1,-2
2011-07-14,5,6,6,12
2011-07-16,63,68,59,59
2011-07-17,3,16,-9,18
2011-07-18,0,1,0,0
2011-07-19,2,2,3,6
2011-07-20,10,10,14,7
2011-07-21,0,0,1,0
2011-07-22,9,10,9,18
2011-07-24,7,10,7,-2
2011-07-26,1,2,2,2
2011-07-27,1,1,3,6
2011-07-28,10,13,12,14
2011-07-29,6,7,7,-11
2011-07-30,1,1,5,7
2011-07-31,1,1,2,4
2011-08-01,7,8,9,11
2011-08-02,0,0,1,2
2011-08-05,0,1,0,0
2011-08-08,3,4,4,8
2011-08-10,3,3,4,8
2011-08-11,2,3,2,4
2011-08-12,30,31,31,61
2011-08-15,36,37,37,-74
2011-08-16,3,4,4,1
2011-08-17,0,0,2,4
2011-08-18,3,4,3,6
2011-08-19,88,101,77,68
2011-08-20,6,7,8,1
2011-08-21,1,2,2,4
2011-08-22,7,7,11,-10
2011-08-23,0,0,2,3
2011-08-24,0,0,1,0
2011-08-25,1,1,2,4
2011-08-27,3,3,5,7
2011-08-28,84,95,75,150
2011-08-29,15,16,18,28
2011-08-30,0,0,1,2
2011-09-01,1,1,3,-2
2011-09-03,0,0,1,2
2011-09-04,0,0,1,2
2011-09-07,18,20,18,-36
2011-09-08,0,0,1,2
2011-09-10,0,0,1,0
2011-09-11,1,1,2,0
2011-09-12,1,1,3,-6
2011-09-13,2,4,2,4
2011-09-14,1,1,2,4
2011-09-15,13,17,12,23
2011-09-16,3,4,5,2
2011-09-19,9,10,13,1
2011-09-20,2,2,4,8
2011-09-21,5,5,10,-2
2011-09-22,0,0,1,2
2011-09-23,0,0,1,2
2011-09-25,0,0,2,4
2011-09-29,2,3,3,5
2011-10-03,3,6,1,-2
2011-10-04,0,0,1,2
2011-10-07,1,1,2,2
2011-10-08,0,0,1,2
2011-10-09,9,9,10,20
2011-10-10,13,19,11,-1
2011-10-11,1,1,2,4
2011-10-13,0,0,1,2
2011-10-15,8,8,9,-18
2011-10-16,0,0,2,4
2011-10-18,3,4,4,1
2011-10-19,1,1,3,3
2011-10-20,0,0,1,0
2011-10-21,10,16,9,-11
2011-10-22,12,13,17,13
2011-10-23,2,2,4,-2
2011-10-25,0,0,1,2
2011-10-27,2,3,3,5
2011-10-28,5,7,4,8
2011-10-29,1,1,2,4
2011-10-31,2,3,3,0
2011-11-02,1,1,4,1
2011-11-03,0,0,1,1
2011-11-04,0,1,0,0
2011-11-05,3,3,4,8
2011-11-07,3,4,4,5
2011-11-10,3,4,6,12
2011-11-11,0,0,2,4
2011-11-14,0,0,1,2
2011-11-15,2,2,4,-5
2011-11-16,2,3,2,0
2011-11-17,6,7,8,4
2011-11-18,2,5,0,0
2011-11-19,9,13,8,-12
2011-11-20,0,0,1,1
2011-11-21,7,11,6,12
2011-11-22,11,17,8,24
2011-11-25,5,5,7,14
2011-11-26,0,0,1,2
2011-11-27,1,3,1,-2
2011-11-28,6,21,-6,-14
2011-11-29,1,1,4,8
2011-11-30,3,4,3,6
2011-12-03,6,7,7,2
2011-12-04,4,6,5,8
2011-12-05,0,0,1,2
2011-12-06,0,0,1,0
2011-12-07,6,9,8,11
2011-12-08,439,452,430,431
2011-12-09,21,25,19,36
2011-12-10,0,0,3,3
2011-12-11,0,1,0,0
2011-12-12,8,14,5,5
2011-12-13,10,13,11,17
2011-12-14,2,4,3,5
2011-12-15,0,0,3,5
2011-12-16,3,4,5,8
2011-12-19,4,6,3,6
2011-12-20,12,16,11,0
2011-12-21,0,0,2,4
2011-12-22,13,14,14,4
2011-12-23,0,0,1,0
2011-12-24,1,1,3,3
2011-12-26,0,0,1,2
2011-12-27,2,2,4,8
2011-12-28,16,23,11,21
2011-12-29,5,6,8,7
2011-12-30,1,1,2,2
2011-12-31,12,16,15,-12
2012-01-01,3,5,5,10
2012-01-02,0,0,1,2
2012-01-03,61,68,62,69
2012-01-04,15,18,16,30
2012-01-05,59,67,55,110
2012-01-06,1,5,1,2
2012-01-07,0,0,2,3
2012-01-08,200,209,194,388
2012-01-09,56,80,68,78
2012-01-10,3,4,4,8
2012-01-11,1,1,2,4
2012-01-12,1,1,4,5
2012-01-13,2,3,7,1
2012-01-14,0,0,1,2
2012-01-16,0,0,4,2
2012-01-17,0,0,4,6
2012-01-19,3,4,8,13
2012-01-20,3,5,2,-4
2012-01-21,2,2,3,6
2012-01-22,0,0,1,2
2012-01-23,6,7,7,8
2012-01-24,1,4,1,4
2012-01-25,0,0,1,2
2012-01-26,1,1,5,9
2012-01-27,0,0,1,2
2012-01-30,1,1,3,5
2012-01-31,7,7,8,16
2012-02-01,1,1,3,2
2012-02-02,1,3,3,-3
2012-02-03,0,0,1,1
2012-02-04,19,21,20,-30
2012-02-05,2,2,3,-6
2012-02-06,0,0,1,2
2012-02-07,5,7,7,6
2012-02-08,2,2,4,-1
2012-02-09,0,0,1,2
2012-02-10,29,31,31,41
2012-02-11,4,6,4,4
2012-02-12,0,1,0,0
2012-02-13,0,1,2,4
2012-02-14,2,2,3,6
2012-02-15,1,2,2,3
2012-02-16,12,19,12,4
2012-02-17,2,5,1,2
2012-02-18,0,0,3,5
2012-02-19,6,7,8,14
2012-02-20,2,2,3,6
2012-02-21,92,116,71,-75
2012-02-23,3,3,9,16
2012-02-25,1,1,2,4
2012-02-26,2,2,6,6
2012-02-27,0,0,1,-2
2012-02-28,1,1,3,6
2012-02-29,0,0,1,2
2012-03-01,0,1,0,0
2012-03-02,0,0,1,2
2012-03-03,2,2,4,-4
2012-03-04,1,1,3,2
2012-03-06,3,3,4,8
2012-03-07,28,30,28,56
2012-03-08,1,1,3,6
2012-03-11,4,10,0,6
2012-03-12,20,23,23,28
2012-03-13,1,2,1,2
2012-03-14,1,1,2,4
2012-03-15,5,6,9,4
2012-03-16,5,5,7,7
2012-03-17,0,0,2,0
2012-03-19,0,0,1,1
2012-03-22,5,9,5,4
2012-03-25,4,5,5,8
2012-03-26,75,80,73,146
2012-03-27,0,0,2,-2
2012-03-28,19,19,20,40
2012-03-29,14,17,12,-24
2012-03-30,1,1,2,2
2012-03-31,2,3,3,5
2012-04-01,31,32,31,62
2012-04-02,0,3,0,8
2012-04-04,1,2,3,3
2012-04-05,9,10,10,16
2012-04-06,1,1,2,4
2012-04-07,14,15,16,-28
2012-04-08,3,4,4,7
2012-04-09,6,8,7,2
2012-04-11,1,1,7,6
2012-04-12,1,1,2,2
2012-04-13,5,9,2,0
2012-04-14,1,1,2,4
2012-04-16,16,21,14,-13
2012-04-18,10,21,1,6
2012-04-19,9,11,8,16
2012-04-20,19,19,23,42
2012-04-21,1,1,2,-4
2012-04-23,2,2,4,3
2012-04-24,2,2,4,4
2012-04-25,0,6,-4,-6
2012-04-26,12,14,11,0
2012-04-27,11,29,-4,2
2012-04-29,1,2,1,-1
2012-04-30,1,1,2,-2
2012-05-01,2,2,3,3
2012-05-02,2,3,4,-3
2012-05-03,1,1,2,4
2012-05-05,0,0,1,2
2012-05-06,0,0,3,2
2012-05-07,3,4,5,-4
2012-05-08,2,3,4,2
2012-05-09,0,0,2,1
2012-05-10,1,1,3,6
2012-05-11,0,0,3,3
2012-05-12,3,3,6,6
2012-05-13,1,1,2,4
2012-05-14,0,0,2,4
2012-05-15,4,5,8,-1
2012-05-16,1,2,1,1
2012-05-17,0,0,1,1
2012-05-18,2,3,2,4
2012-05-20,0,0,1,1
2012-05-21,3,4,5,2
2012-05-22,1,1,7,14
2012-05-23,0,0,1,-2
2012-05-28,1,2,2,4
2012-05-29,2,2,5,6
2012-05-30,0,0,1,1
2012-06-01,0,0,3,2
2012-06-02,1,1,2,4
2012-06-03,0,0,1,1
2012-06-04,15,20,15,-9
2012-06-05,0,1,0,0
2012-06-06,8,9,11,-7
2012-06-07,0,0,2,2
2012-06-09,1,1,3,-2
2012-06-10,4,5,4,4
2012-06-12,4,7,4,1
2012-06-13,1,2,2,1
2012-06-14,0,0,1,2
2012-06-15,1,1,2,4
2012-06-16,0,0,1,1
2012-06-17,0,0,1,0
2012-06-18,0,0,3,4
2012-06-19,5,6,5,5
2012-06-20,2,3,4,8
2012-06-21,7,7,11,8
2012-06-22,3,4,7,10
2012-06-23,2,2,7,13
2012-06-25,36,37,37,74
2012-06-26,2,4,2,2
2012-06-28,27,36,21,-32
2012-07-01,27,28,29,-51
2012-07-03,7,8,7,7
2012-07-04,2,5,4,6
2012-07-05,0,0,1,2
2012-07-06,5,7,6,3
2012-07-08,0,0,1,2
2012-07-09,0,0,1,1
2012-07-10,45,48,47,56
2012-07-12,4,5,5,-8
2012-07-13,0,0,2,4
2012-07-14,4,6,3,-6
2012-07-16,1,1,3,4
2012-07-17,1,1,5,10
2012-07-18,6,8,7,11
2012-07-19,0,0,1,2
2012-07-20,0,1,1,1
2012-07-21,0,1,0,0
2012-07-22,4,7,3,3
2012-07-23,2,2,3,6
2012-07-26,0,1,1,-2
2012-07-27,0,0,1,-2
2012-07-28,0,0,1,2
2012-07-29,1,1,2,4
2012-07-30,0,0,1,2
2012-07-31,5,5,8,13
2012-08-01,63,78,49,-98
2012-08-02,1,2,1,0
2012-08-03,0,0,1,2
2012-08-04,1,1,2,0
2012-08-05,1,1,4,8
2012-08-06,2,2,6,6
2012-08-07,3,4,5,-3
2012-08-08,2,3,3,2
2012-08-09,1,1,3,-4
2012-08-11,1,1,2,4
2012-08-12,0,0,1,-2
2012-08-14,5,6,6,9
2012-08-15,12,18,10,7
2012-08-16,1,1,4,-1
2012-08-17,7,7,10,17
2012-08-18,0,0,2,2
2012-08-19,1,1,2,-2
2012-08-20,1,3,2,-1
2012-08-21,23,24,25,50
2012-08-22,6,9,5,-3
2012-08-23,0,0,1,2
2012-08-24,0,0,1,2
2012-08-26,2,4,1,2
2012-08-28,2,4,2,0
2012-08-29,1,1,4,0
2012-08-30,2,2,3,-6
2012-09-01,1,2,3,-1
2012-09-02,7,8,8,16
2012-09-04,12,15,14,26
2012-09-06,11,19,9,2
2012-09-07,0,0,1,2
2012-09-08,3,4,4,4
2012-09-09,1,1,6,6
2012-09-11,3,3,4,8
2012-09-13,0,0,2,4
2012-09-14,1,2,3,-2
2012-09-15,0,0,2,3
2012-09-16,2,2,5,6
2012-09-17,0,0,1,2
2012-09-18,6,8,9,-2
2012-09-19,0,0,3,-4
2012-09-20,4,4,7,-5
2012-09-21,0,0,4,2
2012-09-22,3,6,2,0
2012-09-23,3,4,3,0
2012-09-24,13,17,11,11
2012-09-25,0,0,2,2
2012-09-26,0,1,3,1
2012-09-27,37,37,38,38
2012-09-28,1,1,4,2
2012-09-29,1,1,4,8
2012-09-30,2,3,2,4
2012-10-01,13,16,11,22
2012-10-02,5,12,1,1
2012-10-03,14,16,18,26
2012-10-06,0,0,1,2
2012-10-07,0,1,1,1
2012-10-08,1,1,4,6
2012-10-09,0,0,1,2
2012-10-10,0,0,1,2
2012-10-11,2,2,4,4
2012-10-12,0,0,1,2
2012-10-13,2,2,6,9
2012-10-14,0,0,1,-2
2012-10-15,4,5,5,4
2012-10-16,4,4,6,3
2012-10-17,7,8,9,-15
2012-10-18,3,13,-1,19
2012-10-19,0,0,1,2
2012-10-20,0,0,2,3
2012-10-21,12,12,13,-26
2012-10-22,1,1,5,7
2012-10-23,4,5,6,8
2012-10-24,1,1,4,8
2012-10-25,5,6,9,-4
2012-10-27,0,0,1,2
2012-10-28,20,23,20,40
2012-10-29,3,3,5,6
2012-10-31,0,0,3,6
2012-11-01,20,23,19,-34
2012-11-02,2,3,2,0
2012-11-03,5,6,5,10
2012-11-04,2,2,5,-2
2012-11-05,19,22,17,0
2012-11-06,0,0,1,2
2012-11-07,15,25,9,-14
2012-11-08,13,18,11,5
2012-11-10,0,1,0,0
2012-11-11,0,0,1,2
2012-11-12,0,0,2,4
2012-11-13,0,0,4,0
2012-11-14,0,0,1,2
2012-11-15,5,5,9,10
2012-11-16,4,5,9,3
2012-11-17,0,0,1,1
2012-11-18,0,0,2,3
2012-11-19,4,5,10,8
2012-11-20,18,23,15,0
2012-11-21,12,14,14,-18
2012-11-22,1,2,3,5
2012-11-23,1,1,3,6
2012-11-24,1,1,6,12
2012-11-25,4,4,8,10
2012-11-26,0,0,8,12
2012-11-27,4,4,13,16
2012-11-28,1,8,-3,9
2012-11-29,2,4,5,5
2012-11-30,1,2,2,3
2012-12-01,4,5,10,15
2012-12-02,5,5,9,18
2012-12-03,15,17,18,40
2012-12-04,17,18,25,38
2012-12-05,25,32,27,54
2012-12-06,3,4,9,5
2012-12-07,2,2,7,6
2012-12-08,8,9,15,-4
2012-12-09,0,0,1,2
2012-12-10,10,10,18,33
2012-12-11,0,0,6,10
2012-12-12,11,14,16,4
2012-12-13,0,2,4,7
2012-12-14,1,1,2,4
2012-12-15,2,2,8,13
2012-12-16,0,1,3,5
2012-12-17,1,1,3,6
2012-12-18,2,2,6,8
2012-12-19,0,0,6,11
2012-12-20,4,5,11,19
2012-12-21,4,7,8,6
2012-12-22,13,18,12,-12
2012-12-23,1,1,9,14
2012-12-24,0,0,1,2
2012-12-25,0,0,5,7
2012-12-26,26,34,24,2
2012-12-27,2,3,8,12
2012-12-28,10,13,22,3
2012-12-29,8,11,16,22
2012-12-30,9,18,13,24
2012-12-31,3,6,13,14
2013-01-01,12,14,20,29
2013-01-02,10,13,21,33
2013-01-03,1,2,6,9
2013-01-04,0,0,9,17
2013-01-05,4,4,10,14
2013-01-06,34,36,46,52
2013-01-07,3,7,6,8
2013-01-08,1,1,11,18
2013-01-09,25,29,35,45
2013-01-10,2,3,10,15
2013-01-11,66,76,61,119
2013-01-12,2,3,9,8
2013-01-13,0,0,4,8
2013-01-14,20,36,19,-5
2013-01-15,17,19,26,35
2013-01-16,0,0,3,4
2013-01-17,0,0,7,12
2013-01-18,0,0,2,1
2013-01-19,7,10,12,14
2013-01-20,46,50,50,45
2013-01-21,2,3,12,14
2013-01-22,3,4,6,0
2013-01-23,32,40,33,12
2013-01-24,5,6,9,12
2013-01-25,9,10,12,17
2013-01-26,36,39,42,38
2013-01-27,1,1,10,14
2013-01-28,16,20,23,39
2013-01-29,0,0,1,1
2013-01-30,10,11,19,19
2013-01-31,0,0,4,6
2013-02-01,26,29,32,62
2013-02-02,1,1,5,1
2013-02-03,7,8,9,18
2013-02-04,3,3,13,21
2013-02-05,18,18,24,48
2013-02-06,6,8,15,22
2013-02-07,2,2,5,7
2013-02-08,1,1,6,12
2013-02-09,1,1,5,10
2013-02-10,29,30,36,56
2013-02-11,10,10,14,22
2013-02-12,1,2,3,6
2013-02-13,2,2,9,12
2013-02-14,3,4,8,8
2013-02-15,13,14,18,33
2013-02-16,0,0,3,6
2013-02-17,1,2,5,6
2013-02-18,84,92,83,148
2013-02-19,16,26,21,13
2013-02-20,1,1,7,12
2013-02-21,5,11,8,4
2013-02-22,7,10,13,12
2013-02-23,1,1,8,8
2013-02-24,9,11,14,-4
2013-02-25,36,40,44,44
2013-02-26,1,1,5,6
2013-02-27,2,11,0,-4
2013-02-28,61,69,62,-99
2013-03-01,0,0,1,2
2013-03-02,2,3,8,14
2013-03-03,6,11,9,13
2013-03-04,1,2,6,7
2013-03-05,2,2,5,-4
2013-03-06,1,1,8,11
2013-03-07,2,3,7,12
2013-03-08,2,3,3,6
2013-03-09,7,8,13,16
2013-03-10,21,22,28,54
2013-03-11,17,19,28,44
2013-03-12,1,1,2,4
2013-03-13,18,21,21,38
2013-03-14,1,3,6,2
2013-03-15,5,7,6,8
2013-03-16,4,5,13,23
2013-03-17,1,1,9,14
2013-03-18,2,3,4,1
2013-03-19,20,26,18,31
2013-03-20,5,12,9,20
2013-03-21,3,4,8,2
2013-03-22,1,1,6,4
2013-03-23,5,6,7,14
2013-03-24,60,66,58,61
2013-03-25,36,40,40,76
2013-03-26,4,4,13,11
2013-03-27,13,13,17,6
2013-03-28,6,6,12,24
2013-03-29,26,28,32,59
2013-03-30,0,0,5,8
2013-04-01,1,1,2,4
2013-04-02,20,27,23,37
2013-04-03,13,16,22,17
2013-04-04,49,55,44,0
2013-04-05,13,28,7,18
2013-04-06,13,13,17,31
2013-04-07,14,16,15,18
2013-04-08,7,11,11,14
2013-04-09,5,5,10,11
2013-04-10,0,0,1,1
2013-04-11,27,29,33,57
2013-04-12,6,8,8,11
2013-04-13,5,7,11,14
2013-04-14,6,8,11,11
2013-04-15,34,39,33,-59
2013-04-16,6,7,12,15
2013-04-17,2,4,10,6
2013-04-18,15,18,20,-16
2013-04-19,1,1,5,9
2013-04-20,1,1,5,2
2013-04-21,10,11,13,25
2013-04-22,1,1,5,10
2013-04-23,3,7,6,11
2013-04-24,12,17,12,14
2013-04-25,0,1,6,8
2013-04-26,0,0,2,3
2013-04-27,4,4,7,10
2013-04-28,1,3,3,1
2013-04-29,15,17,18,36
2013-04-30,9,11,20,28
2013-05-01,3,7,7,18
2013-05-02,6,8,8,-4
2013-05-03,8,9,11,21
2013-05-04,3,4,6,6
2013-05-05,6,7,14,6
2013-05-06,27,32,31,40
2013-05-07,0,0,4,3
2013-05-08,2,3,5,9
2013-05-09,13,18,17,29
2013-05-10,0,0,5,6
2013-05-11,6,7,10,20
2013-05-12,4,4,8,12
2013-05-13,16,29,13,28
2013-05-14,4,6,10,10
2013-05-15,1,1,7,12
2013-05-16,7,8,12,20
2013-05-17,4,4,7,7
2013-05-18,5,10,4,2
2013-05-19,1,1,5,0
2013-05-20,11,14,14,-13
2013-05-21,7,8,11,18
2013-05-22,36,38,43,68
2013-05-23,1,2,4,4
2013-05-24,11,17,13,-3
2013-05-25,33,43,34,-14
2013-05-26,2,2,8,13
2013-05-27,1,1,3,6
2013-05-28,17,21,23,1
2013-05-29,0,0,2,2
2013-05-30,4,5,8,-4
2013-05-31,19,21,25,45
2013-06-01,0,0,3,3
2013-06-02,14,15,18,-17
2013-06-03,1,3,5,5
2013-06-04,26,30,24,48
2013-06-05,156,163,154,157
2013-06-06,2,2,5,8
2013-06-07,0,1,1,2
2013-06-08,25,26,26,52
2013-06-09,0,0,3,3
2013-06-10,9,12,14,18
2013-06-11,39,40,46,88
2013-06-12,0,0,3,6
2013-06-13,0,0,4,7
2013-06-14,9,9,16,26
2013-06-15,4,4,10,19
2013-06-16,0,0,4,7
2013-06-17,6,7,15,10
2013-06-18,4,6,11,15
2013-06-20,7,9,15,19
2013-06-21,2,2,6,12
2013-06-22,1,1,6,8
2013-06-23,2,2,6,-6
2013-06-24,1,1,6,2
2013-06-25,7,9,13,21
2013-06-26,1,1,4,4
2013-06-27,2,3,9,6
2013-06-28,7,10,11,-1
2013-06-29,4,7,8,2
2013-06-30,0,0,6,9
2013-07-01,1,1,4,6
2013-07-02,1,1,3,-1
2013-07-03,2,5,2,3
2013-07-04,1,1,4,-2
2013-07-05,7,8,13,14
2013-07-07,7,8,15,25
2013-07-08,4,6,11,17
2013-07-09,13,16,18,32
2013-07-10,3,4,9,-1
2013-07-11,2,2,7,11
2013-07-12,3,3,8,14
2013-07-13,1,2,3,3
2013-07-14,2,5,3,5
2013-07-15,1,1,5,6
2013-07-16,0,0,4,5
2013-07-17,1,2,4,4
2013-07-18,1,1,3,0
2013-07-19,7,7,9,-6
2013-07-20,1,1,6,7
2013-07-21,2,2,8,4
2013-07-22,6,7,12,0
2013-07-23,0,0,2,3
2013-07-24,1,1,4,7
2013-07-25,4,5,7,-1
2013-07-26,17,19,20,36
2013-07-27,0,0,2,3
2013-07-28,4,6,5,-2
2013-07-29,3,4,8,3
2013-07-30,0,0,4,3
2013-07-31,1,3,4,3
2013-08-01,6,8,10,0
2013-08-02,3,6,9,14
2013-08-03,11,14,14,12
2013-08-04,0,0,5,3
2013-08-05,0,0,3,6
2013-08-06,0,0,5,8
2013-08-07,17,19,18,36
2013-08-08,1,2,4,7
2013-08-09,9,14,12,22
2013-08-10,2,2,5,1
2013-08-11,3,3,7,9
2013-08-12,2,2,4,1
2013-08-13,1,2,6,10
2013-08-14,0,0,2,3
2013-08-15,0,0,5,8
2013-08-16,0,0,5,4
2013-08-17,3,5,5,2
2013-08-18,4,4,12,4
2013-08-19,3,3,6,-1
2013-08-20,25,32,25,42
2013-08-21,8,9,10,20
2013-08-22,5,5,10,13
2013-08-23,4,4,12,17
2013-08-24,15,17,18,4
2013-08-25,3,5,7,10
2013-08-26,4,5,6,3
2013-08-27,16,22,20,52
2013-08-28,2,4,3,6
2013-08-29,2,4,3,4
2013-08-30,0,0,1,-2
2013-08-31,19,21,22,-11
2013-09-01,0,1,2,0
2013-09-02,1,1,5,8
2013-09-03,1,1,8,10
2013-09-04,3,4,5,10
2013-09-05,16,19,16,-24
2013-09-06,0,0,4,0
2013-09-07,5,5,8,10
2013-09-08,4,5,7,4
2013-09-09,1,2,3,5
2013-09-10,1,1,7,13
2013-09-11,5,5,11,22
2013-09-12,1,1,3,6
2013-09-13,23,31,24,-8
2013-09-14,7,10,8,16
2013-09-15,2,3,4,3
2013-09-16,0,0,2,4
2013-09-17,5,6,10,12
2013-09-18,2,2,13,6
2013-09-19,4,5,9,15
2013-09-20,7,7,11,19
2013-09-21,2,2,11,13
2013-09-22,1,1,6,8
2013-09-23,20,26,21,-4
2013-09-24,0,0,6,5
2013-09-25,6,9,9,13
2013-09-26,2,4,4,4
2013-09-27,0,1,4,7
2013-09-28,0,0,2,2
2013-09-29,2,3,3,0
2013-09-30,2,3,4,7
2013-10-01,1,1,3,-1
2013-10-02,0,2,9,15
2013-10-03,0,0,6,10
2013-10-04,12,15,14,15
2013-10-05,1,1,5,8
2013-10-06,0,0,2,4
2013-10-07,11,18,14,15
2013-10-08,2,3,6,1
2013-10-09,3,4,8,11
2013-10-10,1,1,6,4
2013-10-11,3,6,4,5
2013-10-12,3,4,5,0
2013-10-13,5,6,11,16
2013-10-14,1,2,6,9
2013-10-15,1,2,5,9
2013-10-16,2,5,7,10
2013-10-17,6,9,16,16
2013-10-18,1,5,2,4
2013-10-19,2,2,8,-1
2013-10-20,4,4,12,20
2013-10-21,3,5,12,14
2013-10-22,1,1,9,17
2013-10-23,0,1,6,8
2013-10-24,0,1,5,5
2013-10-25,2,2,11,8
2013-10-26,24,26,27,46
2013-10-27,1,1,11,12
2013-10-28,2,3,8,16
2013-10-29,9,10,14,19
2013-10-30,5,7,7,12
2013-10-31,0,1,2,3
2013-11-01,9,10,12,-16
2013-11-02,0,0,7,7
2013-11-03,7,8,11,21
2013-11-04,1,3,3,1
2013-11-05,25,28,30,34
2013-11-06,7,9,11,8
2013-11-07,0,0,2,3
2013-11-08,1,1,5,8
2013-11-09,2,2,11,18
2013-11-10,4,4,12,-3
2013-11-11,19,24,23,17
2013-11-12,0,0,2,4
2013-11-13,3,4,8,0
2013-11-14,5,5,11,-6
2013-11-15,7,9,10,17
2013-11-16,0,0,4,8
2013-11-17,4,8,5,0
2013-11-18,0,0,2,-1
2013-11-19,0,0,7,7
2013-11-20,0,0,4,4
2013-11-21,10,11,18,9
2013-11-22,4,5,9,15
2013-11-23,4,4,15,15
2013-11-24,0,0,3,4
2013-11-25,2,2,5,8
2013-11-26,1,3,7,4
2013-11-27,1,1,5,5
2013-11-28,3,4,7,5
2013-11-29,7,7,12,21
2013-11-30,2,3,8,9
2013-12-01,2,2,12,14
2013-12-02,9,11,20,25
2013-12-03,4,6,10,17
2013-12-04,0,0,3,6
2013-12-05,16,19,20,-20
2013-12-06,7,9,17,-2
2013-12-07,4,5,12,22
2013-12-08,4,4,12,11
2013-12-09,14,17,19,30
2013-12-10,7,7,11,16
2013-12-11,6,8,16,18
2013-12-12,7,9,12,18
2013-12-13,22,26,22,-35
2013-12-14,1,1,3,3
2013-12-15,2,4,6,7
2013-12-16,4,8,12,7
2013-12-17,12,13,22,31
2013-12-18,4,4,14,26
2013-12-19,2,3,8,4
2013-12-20,23,23,30,56
2013-12-21,0,0,6,6
2013-12-22,0,1,1,1
2013-12-23,0,0,6,9
2013-12-24,3,4,8,6
2013-12-25,0,1,3,1
2013-12-26,4,5,6,0
2013-12-27,7,24,5,52
2013-12-28,0,1,3,4
2013-12-29,2,3,8,10
2013-12-30,6,8,16,20
2013-12-31,1,1,5,10
2014-01-01,12,18,20,42
2014-01-02,4,5,13,24
2014-01-03,9,10,17,28
2014-01-04,16,19,26,13
2014-01-05,13,19,22,37
2014-01-06,1,1,10,18
2014-01-07,4,8,13,17
2014-01-08,3,3,15,22
2014-01-09,1,2,6,9
2014-01-10,7,9,15,-6
2014-01-11,4,6,8,0
2014-01-12,7,7,17,31
2014-01-13,4,7,11,20
2014-01-14,41,42,51,79
2014-01-15,9,11,18,-4
2014-01-16,4,10,6,11
2014-01-17,2,4,12,20
2014-01-18,6,11,6,6
2014-01-19,0,0,5,7
2014-01-20,0,1,3,3
2014-01-21,3,4,5,6
2014-01-22,10,13,16,24
2014-01-23,0,0,4,7
2014-01-24,3,9,2,-2
2014-01-25,2,3,5,5
2014-01-26,3,7,4,5
2014-01-27,215,222,212,417
2014-01-28,6,12,8,-3
2014-01-29,1,1,9,8
2014-01-30,1,3,3,5
2014-01-31,4,4,9,7
2014-02-01,1,1,7,3
2014-02-02,3,3,9,14
2014-02-03,6,7,14,2
2014-02-04,3,4,10,12
2014-02-05,6,6,15,23
2014-02-06,4,5,9,2
2014-02-07,2,3,6,6
2014-02-08,39,41,44,-61
2014-02-09,3,4,12,23
2014-02-10,10,14,9,-3
2014-02-11,6,12,6,3
2014-02-12,1,2,5,8
2014-02-13,1,3,5,11
2014-02-14,16,22,21,33
2014-02-15,0,1,4,6
2014-02-16,2,3,9,13
2014-02-17,1,1,8,4
2014-02-18,6,6,17,18
2014-02-19,8,10,18,12
2014-02-20,0,1,5,10
2014-02-21,0,0,2,4
2014-02-22,85,88,88,164
2014-02-23,1,1,3,6
2014-02-24,4,5,10,5
2014-02-25,13,16,18,19
2014-02-26,20,25,24,33
2014-02-27,9,11,19,33
2014-02-28,8,14,4,1
2014-03-01,2,4,13,22
2014-03-02,8,11,16,14
2014-03-03,32,39,39,-28
2014-03-04,3,4,13,22
2014-03-05,6,7,14,15
2014-03-06,15,17,23,17
2014-03-07,2,2,11,21
2014-03-08,7,7,15,12
2014-03-09,0,0,1,2
2014-03-10,4,4,13,15
2014-03-11,10,13,19,23
2014-03-12,23,25,27,29
2014-03-13,8,10,24,27
2014-03-14,5,7,10,13
2014-03-15,10,13,15,29
2014-03-16,2,2,6,2
2014-03-17,3,3,8,-3
2014-03-18,12,15,19,-2
2014-03-19,4,6,11,14
2014-03-20,1,1,5,5
2014-03-21,5,5,10,10
2014-03-22,4,5,7,11
2014-03-23,0,4,4,11
2014-03-24,6,11,10,19
2014-03-25,1,2,8,4
2014-03-26,12,13,21,23
2014-03-27,2,2,9,16
2014-03-28,1,1,5,7
2014-03-29,0,0,5,8
2014-03-30,0,0,5,6
2014-03-31,4,7,12,18
2014-04-01,6,7,16,14
2014-04-02,3,5,11,6
2014-04-03,4,5,11,17
2014-04-04,1,1,6,7
2014-04-05,1,4,2,6
2014-04-06,0,1,4,4
2014-04-07,0,0,4,6
2014-04-08,3,4,9,11
2014-04-09,2,2,7,11
2014-04-10,0,0,5,9
2014-04-11,13,15,21,-2
2014-04-12,4,6,8,10
2014-04-13,8,8,12,0
2014-04-14,4,6,7,13
2014-04-15,9,11,15,2
2014-04-16,11,16,16,9
2014-04-17,3,3,12,3
2014-04-18,6,8,15,22
2014-04-19,1,1,3,4
2014-04-20,0,0,2,4
2014-04-21,0,1,1,2
2014-04-22,0,0,5,10
2014-04-23,6,7,11,6
2014-04-24,25,27,33,41
2014-04-25,6,8,11,19
2014-04-27,34,42,34,62
2014-04-28,3,3,10,12
2014-04-29,2,2,9,11
2014-04-30,2,4,5,3
2014-05-01,52,56,59,26
2014-05-02,0,1,7,14
2014-05-03,4,6,6,10
2014-05-04,3,4,9,2
2014-05-05,0,0,3,5
2014-05-06,0,0,5,10
2014-05-07,7,7,18,33
2014-05-08,1,1,7,9
2014-05-09,8,9,16,23
2014-05-10,229,235,230,241
2014-05-11,0,0,2,3
2014-05-12,0,0,5,9
2014-05-13,9,10,16,-5
2014-05-14,8,8,17,20
2014-05-15,0,0,6,9
2014-05-16,1,2,7,9
2014-05-17,4,4,7,-2
2014-05-18,5,5,11,4
2014-05-19,2,6,9,13
2014-05-20,1,1,9,15
2014-05-21,0,1,2,3
2014-05-22,1,1,8,9
2014-05-23,9,12,17,19
2014-05-24,11,12,15,25
2014-05-25,2,2,5,4
2014-05-26,0,0,5,9
2014-05-27,8,17,4,28
2014-05-28,0,1,7,6
2014-05-29,9,9,20,18
2014-05-30,0,0,4,2
2014-05-31,1,1,6,12
2014-06-01,0,0,1,1
2014-06-02,0,0,3,6
2014-06-03,11,16,12,-3
2014-06-04,8,9,12,12
2014-06-05,1,1,6,8
2014-06-06,20,25,22,-9
2014-06-07,2,10,3,29
2014-06-08,0,0,6,10
2014-06-09,98,106,101,-118
2014-06-10,0,0,7,7
2014-06-11,4,4,7,2
2014-06-12,5,5,10,15
2014-06-13,2,3,5,10
2014-06-14,4,4,10,18
2014-06-15,4,5,9,8
2014-06-16,3,4,13,10
2014-06-17,3,6,13,21
2014-06-18,1,1,10,18
2014-06-19,11,13,15,12
2014-06-20,1,1,7,13
2014-06-21,0,0,2,3
2014-06-22,22,24,23,-20
2014-06-23,1,2,6,3
2014-06-24,16,16,23,-22
2014-06-25,3,5,12,4
2014-06-26,3,6,8,8
2014-06-27,3,3,9,11
2014-06-28,5,6,13,8
2014-06-29,2,3,10,15
2014-06-30,2,3,8,8
2014-07-01,0,0,6,10
2014-07-02,0,0,5,6
2014-07-03,7,7,18,9
2014-07-04,1,2,5,6
2014-07-05,0,0,7,11
2014-07-06,1,1,7,11
2014-07-07,5,6,16,2
2014-07-08,1,2,8,9
2014-07-09,14,17,26,-8
2014-07-10,17,22,20,-6
2014-07-11,3,3,16,16
2014-07-12,19,20,30,48
2014-07-13,1,1,9,10
2014-07-14,1,3,13,22
2014-07-15,8,9,17,-5
2014-07-16,1,1,10,11
2014-07-17,0,0,3,4
2014-07-18,3,5,12,8
2014-07-19,13,17,22,6
2014-07-20,7,14,14,-2
2014-07-21,55,58,65,113
2014-07-22,3,7,7,12
2014-07-23,1,1,11,16
2014-07-24,21,24,31,-3
2014-07-25,15,16,26,-11
2014-07-26,6,7,15,3
2014-07-27,11,13,19,30
2014-07-28,1,3,7,4
2014-07-29,2,4,6,-1
2014-07-30,7,8,18,17
2014-07-31,1,2,10,16
2014-08-01,3,3,12,18
2014-08-02,2,2,8,11
2014-08-03,5,6,11,11
2014-08-04,1,2,6,5
2014-08-05,2,3,9,11
2014-08-06,5,6,15,16
2014-08-07,2,3,12,14
2014-08-08,3,4,13,13
2014-08-09,3,4,12,14
2014-08-10,3,5,11,11
2014-08-11,2,2,11,6
2014-08-12,0,0,5,6
2014-08-13,0,1,6,11
2014-08-14,1,1,7,6
2014-08-15,1,3,10,-1
2014-08-16,52,55,56,103
2014-08-17,2,4,12,12
2014-08-18,3,4,10,19
2014-08-19,0,0,4,-1
2014-08-20,5,7,20,29
2014-08-21,4,6,14,11
2014-08-22,4,7,12,12
2014-08-23,0,0,6,8
2014-08-24,1,2,7,14
2014-08-25,3,3,18,23
2014-08-26,4,8,13,16
2014-08-27,38,47,40,-59
2014-08-28,25,25,34,60
2014-08-29,2,2,12,17
2014-08-30,6,7,14,-2
2014-08-31,0,0,4,6
2014-09-01,5,6,12,12
2014-09-02,1,5,3,6
2014-09-03,4,6,11,2
2014-09-04,0,2,13,23
2014-09-05,0,1,9,13
2014-09-06,109,117,112,186
2014-09-07,8,9,13,23
2014-09-08,3,3,11,15
2014-09-09,0,1,10,15
2014-09-10,2,8,12,14
2014-09-11,12,12,27,11
2014-09-12,75,79,80,129
2014-09-13,3,7,15,8
2014-09-14,7,11,17,17
2014-09-15,9,9,22,34
2014-09-16,1,2,7,13
2014-09-17,1,3,10,10
2014-09-18,1,1,9,16
2014-09-19,36,42,47,84
2014-09-20,2,2,8,6
2014-09-21,17,20,21,26
2014-09-22,3,3,15,15
2014-09-23,1,1,12,19
2014-09-24,3,3,12,16
2014-09-25,17,20,21,19
2014-09-26,27,32,32,61
2014-09-27,0,2,6,14
2014-09-28,48,65,41,-45
2014-09-29,0,2,7,12
2014-09-30,10,13,15,-4
2014-10-01,8,9,18,-3
2014-10-02,6,10,17,19
2014-10-03,2,2,14,20
2014-10-04,0,0,3,4
2014-10-05,3,3,13,14
2014-10-06,6,9,15,14
2014-10-07,16,20,22,-10
2014-10-08,6,6,12,8
2014-10-09,7,9,13,25
2014-10-10,0,0,7,8
2014-10-11,2,4,9,12
2014-10-12,1,1,11,20
2014-10-13,11,12,24,24
2014-10-14,1,3,10,13
2014-10-15,4,8,8,2
2014-10-16,2,4,11,13
2014-10-17,1,3,8,14
2014-10-18,3,4,13,20
2014-10-19,6,7,14,16
2014-10-20,22,23,39,-25
2014-10-21,4,4,17,22
2014-10-22,0,2,9,15
2014-10-23,3,5,20,23
2014-10-24,1,2,8,12
2014-10-25,3,4,6,7
2014-10-26,2,5,13,12
2014-10-27,1,2,7,9
2014-10-28,3,4,7,-4
2014-10-29,0,0,6,7
2014-10-30,4,5,20,24
2014-10-31,0,1,3,6
2014-11-01,12,19,16,12
2014-11-02,3,5,9,16
2014-11-03,1,1,6,4
2014-11-04,0,0,12,18
2014-11-05,1,5,9,16
2014-11-06,41,48,52,95
2014-11-07,3,6,10,6
2014-11-08,1,2,5,5
2014-11-09,8,13,13,14
2014-11-10,10,11,22,37
2014-11-11,1,1,8,8
2014-11-12,2,2,12,21
2014-11-13,3,4,8,3
2014-11-14,2,2,10,14
2014-11-15,0,0,11,20
2014-11-16,4,6,11,9
2014-11-17,5,8,17,27
2014-11-18,39,48,45,77
2014-11-19,7,10,18,25
2014-11-20,2,2,11,13
2014-11-21,4,4,18,4
2014-11-22,4,7,15,22
2014-11-23,29,36,31,55
2014-11-24,50,62,49,21
2014-11-25,18,22,33,43
2014-11-26,8,10,14,23
2014-11-27,3,6,9,13
2014-11-28,3,8,10,6
2014-11-29,4,4,13,16
2014-11-30,14,17,20,30
2014-12-01,4,5,14,19
2014-12-02,79,94,74,17
2014-12-03,11,12,26,22
2014-12-04,7,7,16,8
2014-12-05,2,4,13,11
2014-12-06,7,9,15,2
2014-12-07,7,9,14,18
2014-12-08,0,1,8,14
2014-12-09,13,20,21,14
2014-12-10,30,43,32,80
2014-12-11,3,3,19,10
2014-12-12,14,22,17,39
2014-12-13,1,3,9,6
2014-12-14,10,13,19,-5
2014-12-15,7,14,19,12
2014-12-16,4,5,18,21
2014-12-17,1,1,8,14
2014-12-18,5,7,18,22
2014-12-19,7,9,15,15
2014-12-20,3,4,8,11
2014-12-21,40,47,42,73
2014-12-22,4,5,14,19
2014-12-23,9,14,21,26
2014-12-24,5,6,21,12
2014-12-25,1,4,5,7
2014-12-26,2,3,8,15
2014-12-27,2,5,15,15
2014-12-28,5,7,15,11
2014-12-29,2,3,27,33
2014-12-30,4,4,20,29
2014-12-31,6,8,25,42
2015-01-01,4,8,13,19
2015-01-02,0,3,7,12
2015-01-03,39,48,50,-30
2015-01-04,9,14,19,22
2015-01-05,243,255,257,463
2015-01-06,92,98,104,190
2015-01-07,2,5,18,6
2015-01-08,13,18,23,35
2015-01-09,14,20,37,46
2015-01-10,2,3,9,8
2015-01-11,5,12,13,1
2015-01-12,8,13,21,24
2015-01-13,3,6,18,33
2015-01-14,3,5,14,18
2015-01-15,3,6,13,18
2015-01-16,5,7,19,20
2015-01-17,2,3,10,18
2015-01-18,5,8,23,22
2015-01-19,12,15,15,30
2015-01-20,16,27,28,53
2015-01-21,7,8,26,22
2015-01-22,6,6,17,10
2015-01-23,4,6,7,6
2015-01-24,2,3,9,15
2015-01-25,1,2,5,0
2015-01-26,10,11,19,32
2015-01-27,1,2,9,18
2015-01-28,2,3,10,11
2015-01-29,5,5,24,45
2015-01-30,2,3,8,9
2015-01-31,4,7,18,22
2015-02-01,7,9,17,10
2015-02-02,13,17,27,34
2015-02-03,52,58,63,119
2015-02-04,2,6,11,8
2015-02-05,7,12,20,3
2015-02-06,6,8,16,27
2015-02-07,1,4,7,11
2015-02-08,3,6,13,16
2015-02-09,2,2,19,30
2015-02-10,10,16,23,24
2015-02-11,4,7,18,29
2015-02-12,30,31,51,62
2015-02-13,9,12,25,25
2015-02-14,1,2,12,17
2015-02-15,19,26,36,46
2015-02-16,6,8,25,37
2015-02-17,176,208,164,315
2015-02-18,3,7,19,22
2015-02-19,0,1,14,12
2015-02-20,11,15,29,27
2015-02-21,1,4,12,17
2015-02-22,5,5,21,5
2015-02-23,0,0,13,18
2015-02-24,20,47,17,5
2015-02-25,2,4,22,37
2015-02-26,11,14,34,34
2015-02-27,0,1,14,24
2015-02-28,3,6,23,34
2015-03-01,6,10,27,43
2015-03-02,2,3,22,25
2015-03-03,11,13,30,52
2015-03-04,3,5,17,25
2015-03-05,5,5,16,29
2015-03-06,1,3,12,15
2015-03-07,2,3,12,18
2015-03-08,65,67,76,150
2015-03-09,8,12,26,34
2015-03-10,2,2,14,20
2015-03-11,1,2,13,16
2015-03-12,9,11,22,41
2015-03-13,5,9,20,35
2015-03-14,3,4,18,21
2015-03-15,4,7,16,22
2015-03-16,5,7,15,6
2015-03-17,3,3,18,24
2015-03-18,25,27,39,50
2015-03-19,2,5,11,11
2015-03-20,4,6,20,35
2015-03-21,1,1,11,16
2015-03-22,5,6,18,12
2015-03-23,4,5,21,9
2015-03-24,2,6,11,26
2015-03-25,4,6,13,17
2015-03-26,10,11,24,35
2015-03-27,13,14,31,50
2015-03-28,14,16,24,38
2015-03-29,5,8,18,11
2015-03-30,11,13,27,51
2015-03-31,5,6,12,11
2015-04-01,2,2,8,9
2015-04-02,4,7,15,17
2015-04-03,5,8,17,18
2015-04-04,1,2,11,20
2015-04-05,5,5,8,2
2015-04-06,6,10,14,22
2015-04-07,5,6,16,9
2015-04-08,1,3,10,18
2015-04-09,5,7,16,15
2015-04-10,3,5,13,22
2015-04-11,4,5,15,12
2015-04-12,2,4,16,26
2015-04-13,1,3,8,9
2015-04-14,7,9,15,22
2015-04-15,5,5,11,19
2015-04-16,32,33,37,71
2015-04-17,1,1,8,14
2015-04-18,0,1,9,17
2015-04-19,14,17,22,24
2015-04-20,1,3,10,20
2015-04-21,3,4,17,19
2015-04-22,1,2,9,11
2015-04-23,2,4,15,12
2015-04-24,9,10,24,7
2015-04-25,1,4,11,6
2015-04-26,1,1,6,8
2015-04-27,3,3,17,21
2015-04-28,12,15,18,19
2015-04-29,146,152,157,308
2015-04-30,3,4,16,25
2015-05-01,4,7,10,-1
2015-05-02,1,1,10,11
2015-05-03,1,4,6,8
2015-05-04,1,1,9,7
2015-05-05,2,2,13,12
2015-05-06,3,3,19,10
2015-05-07,5,5,14,28
2015-05-08,2,3,9,9
2015-05-09,4,4,15,28
2015-05-10,5,6,22,32
2015-05-11,28,29,37,60
2015-05-12,6,8,14,9
2015-05-13,2,2,9,13
2015-05-14,1,1,14,22
2015-05-15,0,0,14,20
2015-05-16,2,2,7,2
2015-05-17,0,0,9,12
2015-05-18,7,10,17,10
2015-05-19,14,15,25,48
2015-05-20,2,6,11,18
2015-05-21,2,3,8,10
2015-05-22,4,4,20,30
2015-05-23,1,3,6,9
2015-05-24,8,8,19,23
2015-05-25,86,90,96,177
2015-05-26,2,6,10,7
2015-05-27,46,50,55,89
2015-05-28,0,0,5,6
2015-05-29,0,0,4,8
2015-05-30,3,3,15,15
2015-05-31,6,9,10,3
2015-06-01,1,2,5,2
2015-06-02,7,9,12,16
2015-06-03,1,1,13,18
2015-06-04,8,9,25,33
2015-06-05,5,6,13,14
2015-06-06,9,9,24,1
2015-06-07,46,56,46,-28
2015-06-08,11,13,24,2
2015-06-09,1,1,19,27
2015-06-10,10,12,20,31
2015-06-11,0,2,11,18
2015-06-12,2,3,13,10
2015-06-13,6,8,16,17
2015-06-14,0,1,11,22
2015-06-15,2,2,17,26
2015-06-16,3,3,18,23
2015-06-17,5,7,14,10
2015-06-18,14,15,25,-7
2015-06-19,3,4,18,22
2015-06-20,3,3,12,11
2015-06-21,1,2,12,14
2015-06-22,1,1,11,16
2015-06-23,3,6,9,15
2015-06-24,163,262,76,-115
2015-06-25,2,3,10,12
2015-06-26,0,1,4,2
2015-06-27,54,59,54,99
2015-06-28,0,1,5,10
2015-06-29,9,11,21,25
2015-06-30,0,0,7,12
2015-07-01,2,2,9,17
2015-07-02,6,8,17,7
2015-07-03,0,0,10,13
2015-07-04,3,3,13,18
2015-07-05,2,2,10,16
2015-07-06,4,5,14,14
2015-07-07,3,7,10,10
2015-07-08,21,21,31,-8
2015-07-09,0,0,14,22
2015-07-10,2,2,14,21
2015-07-11,3,6,8,2
2015-07-12,12,15,20,9
2015-07-13,5,7,18,26
2015-07-14,10,14,19,7
2015-07-15,5,7,15,14
2015-07-16,27,32,38,25
2015-07-17,4,4,13,11
2015-07-18,5,27,-6,41
2015-07-19,7,7,20,15
2015-07-20,5,7,15,3
2015-07-21,4,5,16,22
2015-07-22,3,5,17,29
2015-07-23,11,12,24,39
2015-07-24,1,1,9,9
2015-07-25,28,37,39,45
2015-07-26,10,14,13,10
2015-07-27,1,2,18,24
2015-07-28,18,21,36,48
2015-07-29,4,5,9,17
2015-07-30,5,7,12,18
2015-07-31,3,4,9,17
2015-08-01,3,7,10,19
2015-08-02,2,2,10,8
2015-08-03,5,6,16,20
2015-08-04,21,45,9,4
2015-08-05,2,3,12,14
2015-08-06,39,49,43,-52
2015-08-07,5,8,22,23
2015-08-08,2,4,10,1
2015-08-09,5,5,17,19
2015-08-10,1,3,14,25
2015-08-11,7,9,28,31
2015-08-12,10,32,0,31
2015-08-13,12,18,18,22
2015-08-14,7,7,17,10
2015-08-15,28,37,32,52
2015-08-16,6,10,10,-3
2015-08-17,10,14,24,12
2015-08-18,3,6,18,9
2015-08-19,4,7,14,24
2015-08-20,2,5,12,18
2015-08-21,2,4,12,7
2015-08-22,4,5,17,13
2015-08-23,1,3,9,9
2015-08-24,17,21,23,31
2015-08-25,1,1,9,8
2015-08-26,1,1,14,4
2015-08-27,39,41,47,16
2015-08-28,0,0,8,13
2015-08-29,0,0,10,13
2015-08-30,4,6,10,11
2015-08-31,1,3,9,8
